stop_id,pop_within_200m,pop_within_500m,pop_within_1km
0001RLW,799,5590,27759
0002KOJ,757,5161,23044
0003NGR,1240,7734,26486
0004ODN,757,4809,25851
0005AMB,757,4731,26761
0006BSS,757,5094,38264
0007COM,757,4731,29695
0008MUT,820,13780,66489
0010OTC,952,11539,59522
0011TUS,757,5184,41334
0013ALS,5982,33639,142003
0014KRA,7913,48623,209183
010044G,2811,16188,64005
0100AAA,447,2441,8223
0100AAE,1067,6299,22033
0100ACP,539,7701,36546
0100AEI,447,2799,10297
0100AEL,0,109,2641
0100AKA,0,0,737
0100AL2,0,0,0
0100AMY,295,1194,4392
0100ANJ,518,3239,12886
0100A.P,518,3239,13539
0100APC,0,0,0
0100ARG,1067,6672,23657
0100ARI,0,0,0
0100ASD,0,0,0
0100ASW,0,236,1936
0100AWA,0,0,0
0100BKH,484,3067,10449
0100BKK,0,0,0
0100BLD,0,0,0
0100CAR,0,0,0
0100CBR,31,545,3686
0100CCD,1067,6672,25303
0100CHE,447,2799,11197
0100CHL,0,0,0
0100CTC,0,0,0
0100CTR,1067,6520,22335
0100DPA,31,1392,6414
0100EIE,0,0,0
0100EIL,0,0,0
0100EIO,0,0,0
0100ESN,0,0,0
0100GAO,0,0,0
0100GUG,0,0,327
0100GVS,0,0,0
0100HYD,0,0,0
0100IKW,0,0,0
0100ILL,0,0,0
0100INT,1067,6653,23992
0100ITS,0,0,0
0100JAK,0,9,1636
0100JO.,0,0,0
0100JOA,0,0,0
0100JYL,0,0,5
0100KCK,0,0,0
0100KHR,2030,12024,45086
0100KMU,0,0,0
0100KNA,0,258,4387
0100KNE,0,7,3382
0100KSS,0,0,0
0100KTC,0,283,2781
0100KWH,447,2799,10698
0100LDL,0,0,0
0100LHH,1240,7512,26511
0100LIK,0,0,0
0100LMC,0,0,0
0100LPS,0,0,0
0100LSM,0,0,0
0100..M,518,3157,9724
0100MCO,1240,7653,26378
0100MCY,0,0,0
0100MFB,0,0,0
0100MIS,0,0,0
0100MOM,0,0,0
0100MOU,447,2799,11197
0100MRB,0,0,0
0100MRC,385,2146,8308
0100NAM,0,0,0
0100NCE,0,0,0
0100NDT,0,0,0
0100NJT,0,0,0
0100NKD,0,0,0
0100NMT,447,2799,11197
0100NRP,0,0,0
0100NSO,196,1802,7534
0100ONO,694,4226,16538
0100OOA,0,0,0
0100OTN,0,0,0
0100OTS,0,0,0
0100PEF,0,0,1539
0100PNA,1067,6672,25409
0100POA,0,0,0
0100POW,0,0,1499
0100PSA,2993,18707,61241
0100RBJ,83,834,4805
0100RCN,0,0,919
0100REE,0,0,0
0100RES,447,2799,11197
0100RGH,1240,7418,26515
0100RJI,0,0,0
0100RKH,447,2799,11197
0100RRD,0,88,1781
0100RRJ,447,2799,11197
0100RRP,447,2799,11197
0100RUD,447,2799,11197
0100RUI,617,3859,15469
0100RYA,0,0,0
0100SAR,0,0,867
0100SHT,0,0,0
0100SKU,0,0,0
0100SLG,0,0,766
0100SNW,447,2799,11197
0100S/R,447,2799,11197
0100STI,0,0,0
0100T1I,447,2799,11197
0100TCP,732,4376,16558
0100TIG,0,0,0
0100TOR,617,3907,16074
0100TPS,0,0,0
0100TTM,0,0,0
0100UBP,0,61,1627
0100UEA,48,1432,6476
0100UMA,0,38,2900
0100UMT,0,0,0
0100VDA,0,0,0
0100VEV,170,1075,3832
0100VIN,0,0,0
0100VLU,701,4189,16094
0100WSI,447,2799,9369
0100XAM,0,0,0
0101AGA,748,5347,24130
0101AKE,1067,6275,21986
0101AKH,804,4821,20624
0101AKN,296,1196,4396
0101ALM,1067,6672,25391
0101AME,0,0,0
0101ARA,4,748,5475
0101ARC,0,227,1910
0101ARR,1067,6645,23955
0101ARY,1067,6672,23575
0101BKH,492,3081,10230
0101BLU,0,0,0
0101CAV,178,1020,3794
0101CEF,447,2799,10654
0101CHC,0,0,0
0101CHF,0,0,2910
0101CPK,760,4603,17672
0101DGG,617,3860,15784
0101DPB,46,1513,6727
0101ETA,0,0,0
0101FRK,0,0,0
0101GOG,0,0,305
0101GRJ,0,0,0
0101GVS,0,0,0
0101HMO,0,0,835
0101HUS,0,0,2675
0101HWO,104,1110,6124
0101IAI,0,0,0
0101IGA,0,0,0
0101ION,0,0,0
0101IRR,0,503,4971
0101JAK,0,12,1672
0101JHS,1240,7748,26492
0101JLI,617,3859,15483
0101KAT,0,0,0
0101KCK,0,0,0
0101KHR,1726,11195,43674
0101KKB,19,827,5629
0101KME,0,0,0
0101KOB,0,0,0
0101KTO,0,0,0
0101LIK,0,0,0
0101LMA,0,59,2833
0101LMC,0,0,0
0101LSC,0,0,0
0101MCC,0,0,0
0101MCY,0,0,0
0101MDS,0,0,0
0101MIC,0,0,0
0101MIM,447,2799,11197
0101M.K,518,2615,8142
0101MKB,0,0,0
0101MOM,0,0,0
0101MRB,0,0,0
0101MTH,447,2799,11197
0101MUC,0,0,1535
0101NDJ,0,0,0
0101N'G,0,0,1679
0101NGG,447,2786,9185
0101NJK,0,0,0
0101NRE,1067,6672,24795
0101NRP,0,0,0
0101NTO,0,0,0
0101NYG,447,2799,11197
0101NYP,447,2799,10195
0101NYR,447,2799,11197
0101OOO,447,2799,9865
0101OTA,0,0,0
0101PMR,0,0,0
0101PMV,0,0,0
0101POW,0,0,1565
0101RCC,0,0,899
0101RCK,0,359,3067
0101RDC,0,45,1548
0101RED,0,0,0
0101REE,447,2799,11197
0101REN,0,0,0
0101RIE,0,0,0
0101RIH,447,2799,11197
0101RJI,0,0,0
0101RKJ,93,846,4761
0101RMY,0,0,0
0101ROK,447,2799,11197
0101ROR,447,2799,11197
0101RSH,383,1837,7289
0101RUA,617,3859,15513
0101RUD,447,2799,11197
0101SDA,232,1438,6667
0101SHR,405,2169,8335
0101SHT,0,0,0
0101SLT,0,0,148
0101STP,1225,7110,26581
0101TIG,0,0,0
0101VRY,0,0,0
0101WBR,940,6366,25961
0101WIA,0,0,680
0101WID,613,3548,13472
0101YSA,447,2225,7914
0101ZAK,0,0,0
0102KHJ,757,5101,22936
0103MSQ,1067,6449,23661
0110AAN,721,4576,21879
0110ACG,0,0,0
0110AEA,0,0,0
0110AGK,750,5418,24263
0110AIG,0,0,0
0110AOA,749,4283,16304
0110AOH,0,0,0
0110APS,1067,6056,21713
0110APT,859,4961,20706
0110ASP,1186,7002,26571
0110AST,0,0,0
0110AUK,447,2799,13259
0110BAA,0,0,0
0110BDO,268,1929,7852
0110BLV,712,4216,16145
0110BNI,0,0,0
0110BUK,0,0,0
0110CEJ,0,0,0
0110COH,0,0,0
0110CUT,447,2799,11197
0110DAS,617,3863,15807
0110FRM,0,0,0
0110FSA,447,2909,14144
0110GAC,0,0,0
0110GTH,0,297,2728
0110HHH,1240,7412,26508
0110HUN,788,4719,18202
0110IDR,746,4262,16247
0110ILU,0,0,0
0110IRT,1240,7752,26493
0110ISR,0,0,0
0110KAU,0,0,0
0110KGQ,1067,6443,23653
0110KKB,52,955,5839
0110KRS,0,0,0
0110KSL,1067,6672,24813
0110LAR,447,2799,11183
0110LCM,0,0,0
0110LHL,0,0,0
0110LIG,447,2799,11197
0110LJA,0,0,1
0110MKT,0,0,0
0110MTS,460,3607,15706
0110MYA,750,4674,18812
0110NGP,0,0,0
0110NKT,1067,6672,24689
0110NSG,0,0,0
0110OLB,0,0,0
0110OVL,738,4651,20815
0110PBS,216,1029,4011
0110PMA,1181,6985,26566
0110PMT,0,0,0
0110/PU,447,2799,11197
0110R/B,447,2799,12994
0110REU,0,0,0
0110REV,447,2747,9644
0110RID,615,3537,13438
0110RIS,447,2334,8698
0110RNO,447,2799,11197
0110ROA,949,6394,26015
0110ROS,288,1975,7957
0110RRS,447,2799,10787
0110RTC,0,121,2005
0110RTU,685,4160,16040
0110SAI,1240,7611,26393
0110SIH,0,54,2696
0110SOI,447,2799,11197
0110SPU,0,0,0
0110SRT,617,3859,15632
0110SSA,447,2799,11197
0110TAA,1155,6928,26541
0110TOH,447,2799,9758
0110TPA,736,4647,20794
0110TUQ,0,0,187
0110TVM,0,0,0
0110UMI,0,0,2610
0110UMK,0,0,0
0110UNA,447,2799,11197
0110VKS,710,4642,22531
0110VMT,447,2799,11197
0110WAM,0,0,0
0110WOJ,2993,18588,69358
0110WRS,447,2799,11033
0110YIL,718,4567,21923
0110YSP,739,4608,18181
01114IA,2871,16353,64487
0111A26,0,0,0
0111AAR,63,877,5044
0111ACP,798,4812,19400
0111AES,447,2799,11197
0111AIT,447,3380,15225
0111AKA,0,0,0
0111AKS,1047,5529,21161
0111ALA,447,2705,9686
0111AMB,0,0,0
0111AMK,0,0,0
0111ARD,0,0,0
0111ATA,737,4374,16515
0111AWM,2993,18853,68820
0111AXM,0,0,0
0111AYS,0,0,0
0111BAA,0,0,0
0111BAG,0,0,0
0111BEK,447,2799,13076
0111BPY,0,0,540
0111BUK,0,0,0
0111CEP,0,0,0
0111CNT,678,10009,47893
0111CRA,0,0,844
0111EDH,0,0,0
0111EED,0,0,0
0111ENP,0,0,0
0111EYE,0,0,73
0111FRM,0,0,0
0111GIE,0,0,0
0111GIM,447,3354,15163
0111HDE,0,0,0
0111HRT,0,0,0
0111IAC,0,0,0
0111ICT,0,264,2683
0111IGA,0,0,0
0111IGK,447,2799,11197
0111IME,0,0,0
0111ISE,0,0,0
0111JEK,0,0,0
0111JM,2993,16342,53872
0111KAN,767,4739,19721
0111KAU,0,0,0
0111KEA,0,170,2486
0111KIV,0,0,0
0111KNA,0,68,3798
0111KNE,754,4669,18547
0111KOG,447,2799,11197
0111KRU,447,2799,11197
0111LIS,0,0,0
0111LON,0,0,4
0111LSO,0,0,0
0111MAO,751,4316,16382
0111MCM,0,0,0
0111MIF,0,0,0
0111MKT,0,0,0
0111MME,447,3348,15150
0111MRE,447,3374,15209
0111NDS,0,0,0
0111NKM,1067,6672,24941
0111NMO,722,5140,23233
0111NOI,0,0,0
0111NTA,447,3347,15148
0111.OJ,0,0,0
0111OJC,0,0,0
0111OLB,743,4674,22487
0111OLS,277,1923,7824
0111RAU,617,3879,15613
0111RHK,705,4194,16104
0111RHR,447,2799,11197
0111RNE,0,0,0
0111RNI,0,0,0
0111ROT,447,2799,10790
0111RPS,0,0,0
0111RRY,0,0,0
0111RST,84,809,4685
0111SAR,22,786,3455
0111SNH,0,0,0
0111SPS,1146,6917,26533
0111SPU,0,0,0
0111TNN,768,4712,18718
0111TOE,447,2799,10832
0111TRI,0,0,0
0111TRV,447,2799,10729
0111TUN,447,2799,11197
0111TVI,0,0,0
0111.UK,518,3239,12959
0111UKG,0,0,0
0111USA,0,0,0
0111VMA,447,2799,11197
0111VWS,447,2799,11127
0111WNA,518,3239,12530
0111WRB,0,0,0
0111YSB,211,998,4026
0112LKT,757,5148,23023
0112POL,447,2799,11197
0113BAA,0,0,0
0113GCH,0,70,2762
0113KAR,0,0,0
0113LMD,0,0,0
0113RST,74,760,4557
02002IE,10882,64002,248732
0200AAK,1358,11040,47548
0200ACM,0,0,0
0200AKN,1240,7794,35665
0200AKO,1067,6779,27313
0200APZ,1136,6876,26520
0200AVS,8294,56721,235319
0200BBC,7824,47236,178495
0200BDJ,8274,59129,239690
0200BER,0,0,0
0200BLN,327,1839,7469
0200BUL,3340,18100,55463
0200BWD,0,16,1718
0200CRN,1358,9272,43427
0200DAU,0,0,0
0200DBR,0,0,0
0200DEC,4854,35243,152288
0200DMD,0,0,513
0200DRU,1240,9592,52442
0200EAC,6299,41302,176181
0200EBR,0,0,0
0200EEE,0,0,0
0200EIE,538,3358,13247
0200EII,3340,17762,59330
0200ELH,833,5362,25871
0200EMF,5023,37399,155669
0200EUT,10820,67117,267259
0200FHA,10697,69399,272092
0200FRS,1358,8392,29353
0200GEG,9789,61868,243611
0200GIT,1674,11723,37619
0200GNA,0,0,0
0200GNK,1240,7042,31932
0200GPS,0,0,0
0200GRG,1358,7123,22808
0200GTO,544,3331,12434
0200HHR,1240,7052,26850
0200HML,2318,13139,50998
0200HTN,7794,60021,256222
0200HUN,1358,8493,29008
0200IMI,1358,8113,24917
0200IRR,8853,62680,245654
0200JIN,0,0,0
0200KAI,0,0,0
0200KAW,0,0,0
0200KBM,10628,67287,281305
0200KCI,9961,66831,265230
0200KEI,1240,7652,27703
0200KEN,7824,48660,201510
0200KEP,4950,40989,165586
0200KJN,0,0,0
0200KS2,0,0,0
0200KTJ,0,0,0
0200KUF,203,1469,5489
0200KWH,467,2998,9944
0200LOK,1067,6680,27340
0200LPO,7414,37650,159597
0200MAT,1358,8440,34231
0200MBA,2228,25155,125263
0200MBC,0,0,0
0200MGN,617,3859,15438
0200MNO,0,0,0
0200MOS,4812,32874,148514
0200MRR,617,3859,15493
0200MSH,0,0,0
0200MTE,536,9104,71842
0200NEH,617,3859,18516
0200NES,3340,18815,55982
0200NFR,1358,8298,29782
0200NGN,1188,7296,32703
0200NHL,0,0,0
0200NYT,617,3859,15438
0200OIC,7824,48494,178829
0200OTO,534,3344,13494
0200RAW,214,1495,6212
0200RDS,526,3290,13300
0200RER,7824,48741,180865
0200RGC,3340,17938,59683
0200RIE,7824,49589,208962
0200RIL,0,0,8131
0200RKN,617,3859,21860
0200RND,529,3241,12869
0200ROC,536,3337,13369
0200RST,833,9024,50143
0200RTI,0,0,0
0200RUK,617,3859,15438
0200SAK,7824,48444,186401
0200SAN,0,0,0
0200SHK,535,3331,13226
0200SHL,2191,12886,66003
0200SHP,10868,67318,277283
0200SKU,0,0,0
0200SPH,0,0,0
0200SRA,8360,58565,240177
0200STD,2430,13863,52408
0200STM,617,3859,15438
0200STR,0,0,0
0200TDS,2749,16844,56981
0200TFC,4812,32219,149111
0200TKL,0,0,0
0200TND,0,0,0
0200TSB,0,0,0
0200TSO,1240,7269,34812
0200TSS,1240,11177,56376
0200UET,3340,19879,57612
0200URA,1882,11759,36312
0200URD,1067,6888,27313
0200WAN,8125,56611,232468
0200WJY,539,3383,13549
0200WKU,1358,8493,28138
02016EA,10360,58575,195651
0201AGH,1067,6713,27411
0201AIK,7525,51738,242208
0201AIP,0,0,0
0201AIS,4812,32396,148860
0201ALP,6464,34829,147764
0201ALS,3311,26561,121036
0201AMC,7062,33442,138713
0201ARI,0,0,0
0201ARS,617,7806,43738
0201ASP,6376,34636,146561
0201ATB,10052,65254,271824
0201BHC,0,0,0
0201BPC,4975,36411,153906
0201BRA,0,0,0
0201CAL,1188,7439,31480
0201CIA,6728,34401,144052
0201CIT,7824,48048,178348
0201CJU,0,0,0
0201CNA,1953,19180,74380
0201CON,8236,58115,237417
0201DAW,8220,55978,233701
0201DBR,0,0,0
0201DIA,1240,7396,27944
0201DNK,3338,18960,57299
0201DNO,8612,49857,212360
0201DUA,0,0,0
0201DWE,0,0,0
0201ECH,8246,56313,234642
0201ENL,7766,59905,256094
0201EQT,3340,19848,57233
0201EVR,154,952,5758
0201FM,2228,17463,111615
0201GIT,2524,13383,39008
0201GRD,3340,19852,57252
0201GRG,1358,7112,22799
0201GTC,6640,38396,150158
0201GTJ,0,0,0
0201GTO,539,3320,12384
0201HML,1172,10168,52161
0201HSM,4812,32142,149625
0201IAH,3920,28398,105117
0201IES,1240,7477,27836
0201IIR,10783,64056,248517
0201IKN,0,0,0
0201I/T,9958,65433,279103
0201JAM,0,0,0
0201JNT,0,0,0
0201KAI,0,0,0
0201KAM,7381,48811,245686
0201KBM,9837,65062,278670
0201KBO,0,0,0
0201KCB,0,0,0
0201KCL,1067,6720,27374
0201KEE,5041,37417,155664
0201KEP,4899,40677,164975
0201KFS,536,3412,15904
0201KGM,0,0,0
0201KIH,0,0,0
0201KJN,0,0,0
0201KMT,1358,8492,26922
0201KRK,4648,24006,75423
0201KS2,0,0,0
0201KSR,0,9,1630
0201KSS,0,0,792
0201KSU,0,0,0
0201KWH,459,2969,9870
0201MET,3340,18327,55374
0201MGN,617,3859,15438
0201MJM,1070,5705,20326
0201MLM,378,3532,16858
0201MML,1240,6765,30363
0201MNO,0,0,0
0201MOS,4812,32573,148079
0201MRT,1358,8451,34366
0201MSH,0,0,0
0201MSQ,8703,69237,246107
0201MTR,2170,12273,48651
0201NAS,3340,18018,58548
0201NBN,8369,61534,245105
0201NEH,617,3859,18562
0201NIO,10740,67780,281763
0201NTR,535,3359,13332
0201NVS,8377,59014,241263
0201NYT,617,3859,15438
0201OER,1240,7673,28709
0201PME,7545,51319,173422
0201PNG,1409,9292,66479
0201POS,0,0,0
0201PPS,3340,17879,59443
0201RAK,1067,6786,27326
0201RDS,522,3279,13282
0201RET,0,0,875
0201REV,5369,30904,144983
0201RGC,3340,17791,59362
0201RIL,0,0,8160
0201RKN,617,3859,19524
0201RND,528,3241,12879
0201RNK,10823,69533,271034
0201ROC,534,3333,13348
0201RRP,1684,11845,49721
0201RSB,2217,12494,48502
0201RST,854,9037,50910
0201RUK,617,3859,15438
0201RYB,1067,6884,27316
0201RZA,7772,41107,106237
0201SDP,1507,10682,45259
0201SHL,2486,13377,67646
0201SHP,10001,65149,275354
0201SPH,0,0,0
0201SSN,2602,16436,56542
0201STM,617,3859,15438
0201SUN,1358,8493,27971
0201TEH,1747,11724,48358
0201TIN,1358,8178,25078
0201TIU,1240,11504,57786
0201TJA,4815,34819,151704
0201TKS,0,0,0
0201UCP,8251,56438,234977
0201UGC,539,9201,72238
0201UOA,757,4749,38757
0201URI,9765,66303,264529
0201VRS,7824,48730,181306
0201WAA,7824,49061,195836
0201WJY,533,3359,13495
0201WOA,2276,15191,56437
0201YTU,10821,66845,264864
0201YUE,5226,30535,143709
0202LUT,757,4731,33036
0202RSB,2517,14080,50764
0203SND,1358,8492,26979
02107SA,377,2359,9438
0210ABI,4812,31867,149954
0210ACO,528,4894,52642
0210AEC,10894,70120,274376
0210AFY,142,834,3272
0210AIC,362,1986,7560
0210AIE,10727,63772,248009
0210AIK,0,0,28
0210AIT,184,1156,4260
0210AKC,5103,30390,140722
0210AKE,184,1156,4624
0210ALS,5589,31549,142515
0210AMC,0,0,0
0210AMJ,0,0,0
0210ANI,8358,58292,239358
0210ANR,0,0,0
0210ANT,749,4861,17073
0210APB,0,0,0
0210ARA,377,2359,9438
0210ARG,9933,62149,244328
0210ARH,1095,6694,42859
0210ARI,0,0,0
0210ARM,775,4929,54029
0210AS3,10031,54417,201893
0210ASR,2169,12973,51724
0210ASV,8360,58345,239508
0210AUI,5085,30815,139047
0210AWR,230,1535,6285
0210AYA,72,451,1805
0210BBD,7034,45667,181457
0210CAH,2182,12719,73741
0210CAK,5407,31146,143358
0210CID,533,3411,15441
0210CIJ,8394,56512,230768
0210CKA,5230,30706,141823
0210CLM,0,0,205
0210CLY,0,0,616
0210CRH,1113,6703,42670
0210CRI,0,0,0
0210DBR,0,0,0
0210DGU,0,0,0
0210DIE,0,0,0
0210DLO,2240,12954,51287
0210DOE,0,0,0
0210DRV,5274,30663,144144
0210EC/,184,1039,3698
0210EIW,184,1156,4624
0210EKE,377,2359,9438
0210EKT,7381,50683,246424
0210ENE,757,4755,22881
0210EOS,2718,16749,56943
0210EOV,0,0,0
0210ERI,0,29,18856
0210ERV,234,1308,6471
0210EXL,8381,56228,229972
0210FAR,2243,13209,52324
0210FBO,313,1804,7414
0210FIG,1240,7371,26161
0210FLY,0,0,0
0210FNO,1358,8344,29906
0210GAO,7309,49957,141787
0210GEN,0,0,0
0210GIT,1790,11949,37720
0210GNN,1298,7528,37731
0210GPN,1447,9449,67593
0210GRG,9415,49482,151303
0210HAS,1122,6804,42572
0210HAU,205,1477,6185
0210HAW,1145,6849,42322
0210HER,0,0,0
0210HFI,0,0,0
0210HHE,0,0,0
0210HIP,0,0,0
0210HLE,184,1156,4624
0210HUN,1358,8493,29186
0210HUT,1865,11720,36255
0210HWA,227,1584,10389
0210HWD,227,1537,7964
0210HWK,212,1500,7795
0210IEL,2291,13083,51733
0210IES,1240,7641,28262
0210IHW,0,0,0
0210IIA,5135,30782,142388
0210IJI,518,3281,13315
0210IKS,1067,6710,27413
0210ILA,4003,28106,131065
0210IMT,0,0,0
0210INA,1476,10628,44929
0210IRI,1113,5819,20512
0210ISD,1240,7468,29051
0210ITI,5029,30553,141114
0210IVN,4988,29883,141356
0210IYU,0,0,0
0210JKT,0,0,0
0210JTS,378,2367,8861
0210KAD,0,0,0
0210KAF,184,1156,4410
0210KAH,202,1521,10193
0210KBM,10636,67016,280948
0210KBO,0,0,0
0210KCA,5192,30697,140927
0210KDO,0,0,0
0210KEB,378,1586,4715
0210KJA,1240,7823,35289
0210KLI,0,0,0
0210KPO,0,0,0
0210KRB,14393,69501,160015
0210KU.,197,1460,6016
0210KWD,0,0,0
0210KYR,0,0,0
0210KYS,377,2359,9519
0210LGC,1071,6799,27371
0210LH',0,0,0
0210LOA,5232,30810,139231
0210LSL,6148,33371,146818
0210LUI,1240,9949,53356
0210MBL,0,0,0
0210MET,3340,19408,56472
0210MF,2228,17099,111269
0210MGC,826,12139,82998
0210MIN,184,1156,4535
0210MNG,0,0,0
0210MQT,0,0,143
0210MSL,808,12063,82911
0210MTG,4067,29482,107178
0210NAK,0,0,0
0210NAM,3590,24176,77102
0210NAS,3340,18007,58253
0210NCY,378,2367,8531
0210NGE,56,475,4517
0210NGR,1240,7686,26532
0210NID,5137,30316,142985
0210NIG,0,0,0
0210NIM,0,0,0
0210NIR,4022,27526,133589
0210NRS,7545,51955,242036
0210NTR,538,3365,13353
0210NUR,1240,7147,31977
0210NWK,218,1603,10764
0210OIK,184,1156,4624
0210OLT,0,0,0
0210ONR,0,0,0
0210OOI,0,0,0
0210OON,0,0,0
0210OUN,6616,38589,150954
0210OUS,0,0,0
0210OUU,0,0,0
0210-P0,72,451,2120
0210PA.,184,1156,4624
0210PAS,2278,13304,52527
0210PMH,5115,38647,159714
0210PMS,5382,38024,154963
0210PNG,1461,9617,68983
0210PPS,2362,15353,56867
0210PRS,0,0,0
0210PSK,468,2999,9945
0210PYS,72,451,1805
0210RAO,184,1193,5770
0210RAT,2503,13425,67708
0210RBA,0,0,0
0210RBU,0,0,0
0210RIH,7824,47320,179097
0210RMT,2897,14150,52357
0210RNA,0,12,1684
0210RND,8250,49038,210519
0210RSB,2458,13909,50313
0210RSC,3993,27522,131822
0210RSI,0,0,675
0210RV2,10836,63987,248495
0210RYS,2618,13588,51378
0210SAE,1774,9602,40844
0210SAI,0,0,0
0210SAO,2404,13769,50063
0210SAP,6006,32928,145689
0210SAR,2242,12906,62533
0210SBA,377,2359,9438
0210SEW,0,0,0
0210SHA,217,1503,6231
0210SKA,7824,51883,215373
0210SMB,1240,7825,35900
0210SMW,383,3792,17288
0210SRA,2295,14057,56305
0210S/T,2344,15556,66893
0210STD,2314,13398,51324
0210SUN,1358,8492,26810
0210SUR,5516,31571,147004
0210TAE,2445,13286,66856
0210TDL,1067,6782,27369
0210TEE,7733,39086,159635
0210TER,14222,75876,171684
0210TGA,0,0,0
0210TIB,0,0,0
0210TIG,0,0,0
0210TMR,2640,13590,51357
0210TRT,0,0,0
0210TUH,3223,24900,102281
0210TYE,3340,19774,57496
0210UIK,0,0,0
0210UKO,0,0,0
0210/US,2522,13401,51041
0210USG,184,1156,5255
0210UWT,1766,13291,63298
0210UYU,7721,39104,165334
0210VIS,8366,59217,241837
0210VNA,3340,18023,58434
0210WDH,222,1602,10691
0210WOK,2329,15353,56632
0210WPE,8179,57767,235483
0210WTH,0,0,0
0210YPS,0,0,0
0210ZMM,1113,5819,20512
0211AAA,298,1708,6644
0211AAJ,0,0,0
0211AAW,321,1787,10702
0211ACB,377,2359,9438
0211ACD,7824,47634,178088
0211ADI,321,1903,12021
0211AEC,0,0,0
0211AEP,0,0,0
0211AFY,72,603,2803
0211AGA,1384,10362,43441
0211AGC,8239,58380,237833
0211AHN,291,1785,7141
0211AIC,0,0,156
0211AIK,0,0,0
0211AKW,0,0,0
0211ALN,527,3337,13298
0211ALS,3145,26391,117189
0211AMN,184,1156,4526
0211'AN,0,0,0
0211ANN,1183,8630,62673
0211ANP,1133,8512,62211
0211ANS,1358,8427,29520
0211.AP,184,1156,4624
0211ARS,1680,11818,49622
0211ASP,3272,26737,115696
0211AUR,1240,7043,32027
0211AVA,8261,56098,233770
0211AWA,307,1905,12184
0211BHC,7824,47655,178670
0211BLA,0,0,0
0211BLR,332,1765,7319
0211B/O,1067,6679,27338
0211B/W,469,3023,10138
0211BYP,0,0,0
0211CID,533,3412,15391
0211CKS,0,0,532
0211CLA,184,1042,3705
0211CTT,1067,6716,27229
0211CYE,1750,11732,48341
0211DBR,0,0,0
0211DEV,10146,62548,246218
0211DRN,5322,30418,142728
0211DRV,3872,27147,132134
0211EAR,1742,11712,48383
0211EIN,4068,27647,134102
0211EKO,377,2359,9438
0211END,0,0,0
0211ERC,0,0,0
0211EVE,79,572,4836
0211FLY,0,0,0
0211FNT,6809,26947,80117
0211G'F,0,0,0
0211GIT,2419,12454,36746
0211GNK,1240,7244,32134
0211GRF,1068,6786,27343
0211HIA,184,1156,4624
0211HIP,0,0,0
0211HNE,0,0,0
0211HNT,1358,8493,29059
0211HNU,184,1156,4624
0211HWS,988,6516,44074
0211IAU,1159,8649,63346
0211IBR,0,0,0
0211IEV,3757,26860,131399
0211IGB,1419,9273,66119
0211IGH,2488,13307,38911
0211IHH,1240,7095,26850
0211IIU,0,0,0
0211INS,0,0,0
0211INT,7022,45507,180710
0211IRA,0,0,0
0211IUS,72,451,1805
0211IVE,4062,27631,134049
0211IVO,7255,36540,161359
0211I/Y,3934,27866,131458
0211JKT,0,0,0
0211JUJ,0,0,0
0211KAH,323,2123,13491
0211KAZ,184,1156,4624
0211KCA,3702,26767,129565
0211KDO,0,0,0
0211KEI,1240,6803,30411
0211KEO,363,1531,4575
0211KIP,1686,11849,49722
0211KIU,0,0,0
0211KMJ,2356,15597,66951
0211KNI,9968,67452,270796
0211KPO,0,0,0
0211KRD,0,0,0
0211KRE,322,1765,6747
0211KRM,14813,69987,160324
0211KST,0,0,0
0211K.U,286,1686,6588
0211LIB,4642,25612,78940
0211LIT,72,451,2240
0211LMU,0,0,0
0211LND,1067,6788,27367
0211LOA,777,4956,52992
0211LTI,5120,30881,140153
0211MBS,1072,13302,84560
0211MEV,0,0,0
0211MNG,0,0,0
0211MOO,0,0,0
0211MRT,2237,12437,48975
0211MTG,2984,23814,102078
0211MUU,0,0,0
0211NAS,3340,17971,58190
0211NDA,8121,56340,231908
0211NDK,1023,20925,74599
0211NGE,0,0,0
0211NGI,1160,8567,62356
0211NGR,1240,7704,26484
0211NIC,1752,11730,48050
0211NIJ,515,3267,13279
0211NIV,799,4676,16374
0211NNO,1358,8413,29524
0211NOR,1358,8358,29897
0211NPA,1172,8621,62790
0211NRD,0,0,0
0211NUK,1237,7033,31346
0211NYS,3848,27634,130981
0211ODO,0,0,0
0211/OE,1240,7396,28541
0211OEO,9944,65419,279070
0211OIN,0,0,0
0211OOD,2064,12893,48463
0211OOU,1957,12597,48194
0211OSL,3307,26680,119926
0211OTL,0,0,0
0211PCA,0,0,0
0211PIO,1240,7355,28446
0211POA,3111,25988,119906
0211POL,6591,34719,150751
0211PSE,7824,48516,177894
0211RIA,7824,48649,180391
0211RIT,0,0,0
0211RMT,2217,12390,48891
0211RMU,0,0,0
0211RNE,116,751,5296
0211RSB,2207,12364,48831
0211RUI,0,0,0
0211S5K,377,2359,9438
0211SAA,1644,11786,49672
0211SEB,377,2359,9438
0211SEO,72,451,1992
0211SEW,0,0,0
0211SHM,7702,46175,180562
0211SHP,532,3325,13217
0211SHR,1017,6681,43884
0211SLR,184,1226,5888
0211SMC,5497,36175,151290
0211SOW,0,0,416
0211SRK,757,5467,43175
0211SSN,2719,16780,56696
0211STD,1914,12535,49891
0211STM,1358,9345,43541
0211SYT,377,2359,9547
0211TAI,3007,23941,102224
0211TAM,796,9431,65076
0211TGA,0,0,0
0211TIG,0,0,0
0211TIR,0,0,0
0211TMQ,0,0,0
0211TND,0,0,0
0211TOA,72,462,2995
0211TOR,540,3357,13519
0211UNN,0,0,0
0211UNR,0,0,0
0211USG,184,1156,5222
0211USM,1205,7012,26996
0211UUN,0,0,0
0211VIN,0,0,0
0211VSI,8247,55650,232362
0211VSR,5272,30901,141606
0211WAK,324,1769,6755
0211WKN,305,1839,11672
0211WOK,0,0,0
0211WSR,1002,6858,43526
0211WTH,0,0,0
0211XLE,8265,54526,226178
0211YMY,7555,38764,165940
0211YTA,0,0,0
0211YTC,378,2367,8609
0212APT,6174,34018,144761
0212BST,757,6779,46503
0212DDT,965,11796,59936
0212GBT,6292,41188,130744
0212GRD,799,8587,52949
0212GTP,0,5099,28428
0212KRT,805,14018,62699
0212KUS,757,4801,23469
0212NGS,757,5663,41941
0212RSY,3305,15923,55840
0212RUS,81,798,4662
0212SNT,757,4788,25332
0212TKT,757,4768,39089
0213BDT,7047,45537,180815
0213DRD,0,0,0
0213GGD,0,0,0
0213GHD,1721,11769,37440
0213KHO,0,0,0
0213LUD,4812,31410,152966
0213MAT,12536,78714,271725
0213MKU,291,1697,6488
0213MRY,0,0,0
0213NGB,3340,21745,93997
0213PGG,0,0,0
0213RNS,8659,49912,212524
0213STG,378,2597,15128
0213TKD,0,0,0
0213TMA,0,0,0
0213WTD,1067,6725,27155
0300AHE,6589,41392,159958
0300AIA,7724,38266,96496
0300AOK,126,1161,9801
0300AOU,1687,17358,94545
0300AYM,4517,26889,100088
0300BAS,7849,57194,234495
0300BCM,7570,38744,159355
0300BPS,7517,52446,189362
0300DSC,6299,39530,176989
0300E2S,6589,46076,177700
0300ENG,5603,38781,158594
0300EQT,1240,10348,55879
0300FM,2228,16756,109996
0300FTY,6475,45919,173614
0300GER,6589,42916,168765
0300GHT,7720,52666,188020
0300IDA,2228,13154,83614
0300JAS,16742,89315,277580
0300KAR,5507,25174,80944
0300KRE,6963,29669,86850
0300KRG,11279,68990,283294
0300LSE,1516,8694,76821
0300MAA,2228,24150,123597
0300MAR,11578,61759,159702
0300MF,2228,15516,106097
0300MIA,3667,24546,106418
0300MLG,7967,51403,142878
0300MSB,1385,8295,72520
0300MUT,10090,57895,195139
0300NFI,6589,35301,127949
0300NGE,1460,15418,64328
0300NME,7560,50652,171388
0300NRG,14283,74985,177452
0300OBI,11000,51241,184427
0300OLE,1699,17233,80719
0300OPE,12088,59789,192327
0300PST,1240,7278,36106
0300R0D,6589,35064,126546
0300RND,8004,48241,209153
0300SAU,16025,77081,255421
0300UIH,15971,101541,298146
0300UJT,4651,27906,109824
0300UNE,9277,56944,207394
0300ZII,7772,41301,106886
0300ZIN,7712,37649,95131
0300ZWN,7441,34343,91588
03014HM,6368,32796,120901
0301ACC,6726,33542,138024
0301AIC,6727,34329,143888
0301AIZ,7685,37716,95722
0301ALB,13580,71393,181721
0301ASN,5446,35192,120540
0301ASP,7899,58786,178525
0301AUN,9648,57083,197509
0301AWB,10049,54521,201792
0301BAS,10998,65466,249831
0301BHS,9892,45573,165497
0301EGG,6076,31703,119535
0301FLT,11576,64190,243511
0301FM,2228,18286,113631
0301GEE,9238,48823,150707
0301ICH,8108,57814,235183
0301IDB,6093,32537,119722
0301III,7738,38404,96575
0301IRA,6835,29364,86709
0301JUN,4079,25126,102019
0301KDC,5827,26041,82592
0301KMB,15028,68437,157839
0301LJH,4226,25588,94256
0301LLS,1661,15749,93352
0301MAP,12425,60778,191843
0301MBK,14820,69816,160062
0301MBP,2228,26586,126116
0301MF,2228,17893,112712
0301MJA,10347,53178,183822
0301MLG,8054,51454,142434
0301MOH,6299,39374,179755
0301MSB,1377,8279,72377
0301MTS,16456,102827,298476
0301MYA,4200,25998,97747
0301NGE,1238,12870,60492
0301NUN,2798,20203,85746
0301OIO,6299,41866,175139
0301OSK,6835,39165,156169
0301PST,1240,7359,32650
0301RDR,8372,50250,212737
0301ROD,6589,35168,127002
0301/RR,7701,39068,167317
0301SNT,14700,76732,173230
0301.ST,126,1046,9103
0301TAO,6106,36481,125116
0301TOT,1240,9320,53581
0301TTS,14751,76762,173172
0301TUJ,13128,69940,183319
0301URE,1170,7652,31355
0301WAI,7353,33847,91260
0301WTE,1464,12583,68466
0301YAM,6076,34853,154366
0302RND,8203,48700,210077
0303GKM,6368,41407,130332
0303KND,8797,55459,190179
0303KRG,12156,71471,285936
0303KST,11030,68399,282598
0303PGT,2112,11420,78320
03106SE,10278,57854,196669
0310AAA,7786,39141,146887
0310ACC,6739,33398,137693
0310ADA,128,773,3396
0310AE.,14366,74316,168110
0310AEA,14477,70129,160871
0310AMB,2228,25330,124949
0310ANS,5591,33832,114287
0310BAO,9404,52608,204106
0310BH,8917,43685,162794
0310CHF,8461,55581,225786
0310DUN,10430,59499,195300
0310EAS,12253,74499,175101
0310ENA,8250,57703,177412
0310EQT,6299,40513,177790
0310FLT,9639,66328,253510
0310FRC,7956,42452,162302
0310GEG,9632,50001,152346
0310GTR,6589,41568,161618
0310HAA,9419,59142,225509
0310IES,10163,58734,184442
0310IKE,1240,7752,26725
0310IKK,5252,25302,76850
0310JAK,757,5203,23089
0310JAY,12955,69836,183356
0310JMT,4928,31574,118865
0310JNH,9514,59226,227377
0310JST,10626,61996,231257
0310JUN,4025,24991,101664
0310LBW,12184,60904,191690
0310LMH,4107,25245,93628
0310MBO,1595,8973,77837
0310MPP,1633,13460,91123
0310MSB,1464,8484,74869
0310NPI,1773,11416,82495
0310OGP,1767,10343,82221
0310OSO,7705,49694,207277
0310OYT,8791,55275,219233
0310PGG,2087,12369,66744
0310PGP,1515,10735,45703
0310PHI,12037,60235,192050
0310PSE,6589,35480,128373
0310RIS,10087,60758,188932
0310SEN,9835,55119,180789
0310SKA,1822,11188,85956
0310SNT,14679,76281,171579
0310STP,7548,59628,180413
0310TAO,9797,55897,206653
0310TEN,9856,52695,183098
0310TOE,5429,27343,108647
0310TON,2816,21680,97343
0310TOT,8283,49161,176488
0310TUA,1322,17801,97784
0310UYU,5030,32341,167371
0310WSJ,10068,48565,173773
0310YAO,7551,38770,128833
0311AG1,7743,50881,173269
0311AGP,10435,52738,182887
0311ASV,9142,55020,183519
0311AUL,9295,65882,252472
0311BAO,9828,53589,202990
0311BET,7005,33331,141162
0311CHF,8068,58033,235921
0311CIN,6456,34053,133350
0311DIZ,6299,35440,132854
0311DTB,4120,24343,94709
0311ENA,4020,24692,92741
0311EPC,9322,52092,177169
0311ESL,72,451,1805
0311FOR,8249,43769,165153
0311FTY,7018,33274,138291
0311GAM,5921,36510,151346
0311GHS,9894,49990,154446
0311GIO,4024,24457,101579
0311INP,1096,8451,62159
0311ION,16221,77397,256483
0311ISN,9042,54962,183894
0311JOD,1808,11089,85565
0311JSG,10479,61573,231134
0311JUA,7410,46744,171525
0311KAR,4306,22605,75923
0311KEW,12237,52197,185568
0311MAI,6299,40935,176191
0311MAN,14036,71639,181600
0311MBS,4193,32198,143130
0311MNA,13277,69906,183436
0311NJO,13991,81998,292387
0311NNE,6309,35713,134414
0311NNU,1240,6811,30822
0311OTG,3108,22708,94904
0311PGG,2208,12861,76567
0311PGP,1547,10807,46271
0311PQZ,4665,27286,98858
0311PSE,6589,35433,128245
0311.RE,14885,76836,173011
0311RIS,10239,60871,190257
0311RSA,126,810,4817
0311RTO,7327,40616,158917
0311SAN,5650,33813,114059
0311SAS,8734,54776,215595
0311SBE,6589,35324,128010
0311SEN,10034,56047,181778
0311SOK,7690,49759,207604
0311TEN,10101,56154,203538
0311THY,8957,55750,220437
0311TON,2644,21264,97000
0311TOT,8139,48731,175923
0311WAK,72,508,2999
0311WMI,7904,46693,156188
0312BSK,757,5863,43494
0312EST,5153,32608,158696
0312GKM,6260,41150,131432
0312NGR,1240,7429,26417
0312SOK,7767,49894,207768
0313DDS,7410,54999,176529
0313EST,7626,38863,159755
0313JST,9956,60320,228950
0313RND,8135,48795,209956
04001ES,8516,54254,195553
04001LV,4637,28868,112207
040056_,7214,45532,158715
0400AAS,3538,21401,87359
0400ACS,3767,23848,108763
0400AFP,1976,12628,56904
0400ALF,4513,28397,113220
0400AOS,1166,7322,29999
0400AP1,964,12131,101733
0400AP2,961,12194,103081
0400ARR,5317,32591,115190
0400.AS,1279,9000,46274
0400AZS,5449,35306,149323
0400BDC,3538,23387,110389
0400BEC,3321,22469,91173
0400BER,4256,24853,96033
0400BFA,4614,28072,103346
0400BFR,10135,54521,154742
0400BHC,3538,23192,106742
0400BKB,4990,34160,115774
0400BNB,3823,26448,79524
0400BPS,4704,29403,120494
0400BRB,4704,29634,118995
0400BSA,1166,7321,29970
0400CBN,666,4257,25885
0400CHK,129,879,7503
0400CIN,2903,22426,97196
0400CKC,3874,23389,109285
0400CKW,2701,17147,70760
0400CLT,2042,12883,61140
0400CLX,4297,27636,115300
0400CMT,966,7445,81950
0400CNK,378,2367,8425
0400CNR,6669,37720,127333
0400CNT,974,6308,68680
0400CRN,1169,8120,33875
0400CRS,2086,16115,98534
0400CST,4637,29569,106917
0400CSV,7214,37646,126759
0400CTB,3015,22191,81953
0400CTE,4294,27632,115257
0400CWN,1597,10220,42015
0400DAA,2068,12492,47144
0400DC,2715,17256,70382
0400DNB,2086,13781,85731
0400DNE,72,451,1805
0400DSP,7214,51440,171106
0400EAM,6369,46154,180735
0400EES,822,5334,19875
0400EIH,4669,26007,89072
0400ELO,2715,17153,70819
0400ENA,4582,28589,112861
0400EPA,1976,12322,53955
0400ERE,6589,42314,165947
0400ESH,6589,47294,179057
0400EST,3927,24457,103002
0400ETR,3463,23056,93529
0400EUL,72,451,1805
0400EXP,1459,8910,35441
0400FAH,961,12277,100252
0400FDA,966,12017,98409
0400FDE,1183,6778,63451
0400FDS,3538,21673,82253
0400FNN,7214,45311,157637
0400FSX,7214,45422,159350
0400GAM,967,11884,102720
0400GAO,2764,17419,73302
0400GGE,4704,29403,119956
0400GMT,2105,13329,46537
0400GNS,1992,14355,73323
0400GPM,4933,30906,117304
0400GRS,4637,29806,110705
0400HAJ,4149,25292,93735
0400HAW,1976,12351,52103
0400HCC,2094,13066,50099
0400HDH,3538,22793,85379
0400H/M,1950,17941,73527
0400HMN,5755,35714,166885
0400HNB,5317,30735,109410
0400HRB,4704,29479,121239
0400HRS,1976,12351,53691
0400HRU,2708,17130,68871
0400IAC,2910,22444,97244
0400IAK,1007,6174,68906
0400IBO,4704,31426,117855
0400IEA,72,451,1805
0400IGM,7214,45813,162318
0400IIA,1957,13370,61597
0400ILC,7214,48439,166252
0400IND,1166,7290,30645
0400INR,4704,29690,117599
0400IOI,1327,23562,103429
0400IOR,814,4585,17070
0400IRJ,1083,6436,21015
0400IWK,4732,28710,112613
0400JMC,5031,31285,118915
0400JNC,11025,56564,146024
0400JNT,5317,30516,108601
0400JNV,6078,39685,133102
0400JSC,4120,27613,109975
0400JSF,1858,11085,42259
0400JSK,4650,27587,98927
0400KAG,3538,22392,105421
0400KBE,378,1734,5029
0400KBL,6792,27950,81641
0400KCB,10000,62385,248238
0400KCU,4951,30900,119566
0400KDO,3552,30521,139619
0400KFW,7214,39611,135152
0400KHE,6267,37118,126950
0400KIN,1183,7398,26785
0400KMJ,4663,27952,109958
0400KMK,0,0,0
0400KNA,4699,28614,101674
0400KNP,2086,13069,80056
0400KNS,8988,55812,192159
0400KOI,1322,9832,82764
0400KON,11300,65235,175275
0400KOT,3479,19255,74650
0400KPS,10958,51309,136876
0400KRT,1988,11973,44448
0400KRY,0,0,0
0400KSD,1976,12677,56936
0400KSP,7214,40541,138167
0400KTA,3235,19812,92111
0400KTN,2295,23998,78232
0400KWA,1172,7324,30379
0400KWC,4824,30737,118404
0400KWR,1213,14875,85327
0400KYB,1166,7322,31699
0400KYJ,3186,21665,88661
0400LBM,824,5287,19156
0400LET,131,799,3484
0400LKN,2094,15466,70101
0400LLE,827,5408,21837
0400LNC,2126,13811,55798
0400LRA,135,2499,12417
0400LTM,2727,17177,68977
0400MAE,1166,7307,30612
0400MAJ,5764,36097,120507
0400MCW,3309,20652,83496
0400MIU,104,679,3138
0400MKG,3297,20007,92495
0400MLA,2071,14178,62647
0400MLH,4286,26728,107076
0400MNL,3451,18525,73171
0400MRA,10717,45744,130794
0400MRS,1976,12351,53602
0400MRT,4916,30330,112664
0400MSB,3984,24516,92467
0400MTK,0,0,0
0400MTP,4704,29376,111303
0400MTW,4704,29518,116848
0400MYC,4532,27011,100312
0400MYK,6038,34768,153140
0400MZW,3376,21794,92959
0400N10,3645,23455,86448
0400NCC,2742,22026,95897
0400NKN,1303,7681,29344
0400NLI,6653,38564,155202
0400NOI,1166,7290,31336
0400NPC,3575,23081,89818
0400NYD,1322,21207,101197
0400NYV,4204,26920,125220
0400OLC,1083,6784,28778
0400ONA,2086,13104,55881
0400ONT,378,2367,8077
0400OOJ,5314,30100,109107
0400OPS,8154,58590,178315
0400OSO,7214,41021,139707
0400PCK,5317,30304,106923
0400PCL,1183,7302,25161
0400PES,5274,32491,118769
0400PFS,4704,28728,110263
0400PH5,1976,12351,52071
0400PIO,6057,35646,142386
0400PMR,3294,31478,110037
0400POS,11025,54068,142566
0400PPL,806,5032,48183
0400PS1,3538,21227,81598
0400PSG,4704,30574,113957
0400PSM,4704,29674,115757
0400PST,1736,10814,68508
0400PTC,2086,13041,55358
0400QPM,128,761,3354
0400QTY,1166,7313,29750
0400RAH,3448,24005,106431
0400RAU,7355,46926,206285
0400RBA,1167,7327,30167
0400RCK,6757,38889,155752
0400RDA,807,5010,36311
0400REN,4042,24109,94164
0400RND,6589,35532,128402
0400ROA,1875,11894,47021
0400ROD,6002,35628,122804
0400ROU,6236,37298,128688
0400RPY,2086,13041,57644
0400RST,7216,37688,118598
0400RUU,819,4499,16727
0400S3B,6589,35636,128885
0400SBA,11578,54712,144073
0400SET,6589,38659,141078
0400SFD,2149,14059,51244
0400SIX,7803,55380,182207
0400SKJ,4191,25401,103100
0400SLA,4668,29116,106495
0400SNC,10128,58089,158329
0400SNG,4637,26039,96335
0400SOS,4091,25193,93535
0400SP1,8513,54502,202204
0400SPE,0,0,0
0400SRY,1976,12351,55080
0400STG,962,12140,103578
0400STL,4668,29113,106356
0400SUR,4087,25550,103736
0400SVN,1976,12351,53317
0400SWT,1669,10287,60720
0400TAT,6035,36438,125338
0400TIU,7214,37805,127101
0400TJR,2683,16945,70752
0400TLA,2785,17510,76312
0400TLS,1083,6774,28162
0400TMI,963,14789,96534
0400TMN,1976,12351,52970
0400TMW,4704,32154,117273
0400TNJ,8332,55437,174507
0400TOO,4704,29678,117577
0400TPK,2058,10333,39149
0400TRN,796,11553,68006
0400TSA,961,13275,101146
0400TSH,9342,57171,207015
0400TSK,1976,12351,56174
0400TSX,10289,58033,196346
0400TTP,6077,36368,124831
0400TUI,826,4940,18561
0400TUY,2086,13157,74933
0400TYO,4930,30167,110383
0400UAU,2086,12972,48983
0400UCB,4704,29143,114201
0400UFD,4543,29631,111481
0400UJJ,5317,30536,106781
0400UJN,4705,33419,117219
0400UJR,2708,17133,68875
0400UM1,5158,31781,119511
0400UM2,4962,32661,119341
0400UMA,3935,24818,102990
0400UMD,5311,32385,116959
0400UMJ,3773,22990,112534
0400UMM,5212,32025,119091
0400UMP,5317,31912,113199
0400UOJ,3828,24425,102569
0400URH,3232,20498,77701
0400USM,4139,25692,103485
0400USS,4704,32253,113672
0400VAN,3538,21397,87538
0400VNA,1591,10276,41827
0400VPK,6410,32973,121382
0400VSP,5134,31189,116226
0400WKM,72,451,1805
0400YAA,6044,34752,154149
0400ZAH,2752,17433,74879
04011EP,8483,54395,201463
0401AAN,3538,21535,88041
0401ABL,1957,13290,61026
0401ADI,9797,57422,197692
0401AIM,109,693,3181
0401AIN,11014,67667,271440
0401ALL,4187,25398,93929
0401AMA,2844,17502,70297
0401AMB,4354,27009,102522
0401AMG,2788,17297,69650
0401ANE,3338,20745,84274
0401ANK,3486,20395,94643
0401ANO,3589,24217,93854
0401ARA,11578,62122,160532
0401ATN,4637,28355,102409
0401BCK,11057,62195,244408
0401BDG,5708,33600,119501
0401BEC,3378,22617,91484
0401BEN,5645,31564,109924
0401BFR,10227,54897,155194
0401BKC,11061,62537,245535
0401BLK,1007,6036,65268
0401BMP,6589,41531,152194
0401BPF,3538,22766,90040
0401BPH,4704,30519,114214
0401BPR,4704,29403,117172
0401BPS,3538,22333,105468
0401BRG,4704,29403,115889
0401BSA,1166,7319,29982
0401BSR,11576,62254,168076
0401CAS,3752,24028,102432
0401CEX,2117,13493,55867
0401CHK,128,887,7639
0401CLT,2025,13068,60433
0401CLV,8574,54423,196224
0401CLX,4080,27094,114886
0401CMT,1008,6365,75123
0401CNI,2817,17366,71453
0401CNK,378,2367,8338
0401CRS,2086,15283,98398
0401CVS,6416,37588,128186
0401CVT,5640,35735,127192
0401CWS,1182,6249,22744
0401DAA,2142,12582,47526
0401DAR,1166,7304,30752
0401DC,2832,17659,74312
0401DHC,1183,7398,26146
0401DNE,72,451,1805
0401DOA,2086,13041,52947
0401DPG,4637,29461,112055
0401DSL,11578,61940,165742
0401ECM,6365,46069,181388
0401EDN,4190,24275,94133
0401ENJ,3785,27607,109339
0401EOJ,796,4939,17724
0401EPA,1976,12327,54782
0401EQM,4601,27119,98758
0401ESN,7789,53148,190919
0401EYT,11019,67283,265097
0401FDA,1005,10380,94105
0401FDE,1183,6831,61340
0401FDJ,1039,9072,87747
0401FDS,3538,21747,82517
0401FLC,2165,13958,55761
0401FNN,7214,45542,157854
0401FPL,4413,28011,112148
0401GEA,5581,34452,114453
0401GEE,5317,31443,111935
0401GKC,11578,62211,161730
0401GM,1643,8837,34293
0401GMA,4637,29844,111212
0401GNF,1976,12341,56550
0401GSE,1986,14034,72484
0401HBN,72,451,1805
0401HDH,3538,22879,85683
0401HHH,5317,30763,110429
0401HIO,1980,12250,75561
0401HLL,925,5634,21945
0401HMB,1167,7322,30338
0401HMT,1112,5805,21778
0401HOD,3430,18504,73126
0401HPE,4704,32211,117219
0401HRB,4704,29403,120438
0401HRC,3744,25147,114047
0401HRS,1976,12351,53149
0401HSU,5444,33075,119027
0401HUJ,4738,33897,116562
0401IDO,1166,7319,30058
0401IEK,7214,41157,139537
0401IFA,6589,41972,157008
0401IFB,6589,35500,128571
0401ILE,3287,20671,81889
0401IND,1166,7290,30829
0401IVA,3538,21461,88139
0401IYU,10949,67011,264382
0401JCN,1976,12510,63953
0401JCY,1183,7398,27503
0401JEN,4428,23843,91082
0401JNT,5317,30852,108508
0401JTA,822,5075,49119
0401JUC,4167,24847,91623
0401JUN,1737,13387,90186
0401KAU,5317,30417,107488
0401KBE,378,1650,4832
0401KBU,5685,34461,114171
0401KCC,3732,23184,108798
0401KCF,4811,30725,118360
0401KCT,5150,34280,115255
0401KDO,3669,30858,140267
0401KIE,1661,10305,42496
0401KMJ,4400,27274,108726
0401KMK,0,0,0
0401KNA,946,5151,18405
0401KNB,4704,29592,116969
0401KNL,4704,29678,117584
0401KNM,11025,58108,151042
0401KNS,8713,55205,190734
0401KOB,7214,40412,137114
0401KOJ,4422,27369,109015
0401KON,11300,66111,176953
0401KOT,2974,17814,71049
0401KRY,0,0,0
0401KSD,1976,12620,57448
0401KSR,5124,34123,120153
0401KST,3538,22135,105613
0401KTN,943,19864,72758
0401KWR,1149,13755,83542
0401KYJ,1455,8430,40546
0401LEP,1183,7001,24417
0401LEU,72,451,1805
0401LHS,4634,26377,95531
0401LUM,3772,23904,87487
0401M,5030,31276,118881
0401MAA,4637,29695,107168
0401MAM,2086,12457,46427
0401MBA,3660,24567,107363
0401MBC,6589,41862,160614
0401MEA,4608,27134,98602
0401MHN,11025,56916,147082
0401MKB,3538,23923,112291
0401MKC,6589,35880,137557
0401MLD,1003,11409,95412
0401MLH,4074,26209,106239
0401MPC,6589,44285,168979
0401MPS,3538,23287,105828
0401MRA,10641,45860,130967
0401MRJ,3321,20683,83563
0401MRR,3545,21344,89079
0401MSB,3928,24485,92339
0401MSC,6589,39094,150946
0401MTK,0,0,0
0401MTP,4704,29156,109708
0401MVC,6589,33283,124908
0401MWS,4704,32169,117282
0401MYA,4328,26297,98590
0401MYJ,3225,21208,79439
0401N10,3640,23482,86766
0401NAS,377,2359,9700
0401NAT,3643,24503,106819
0401NBP,4704,32788,117335
0401NCK,3432,19656,83246
0401NMA,3789,21070,78349
0401NPC,3606,23445,90298
0401NTR,9277,56973,207135
0401NYD,1322,20500,101292
0401NYR,11025,61294,159078
0401NYV,4282,27126,125590
0401ODI,1639,10346,43776
0401ODO,2211,14220,51932
0401OGS,2789,17223,71589
0401OHS,2056,13135,52661
0401OIL,918,5560,19774
0401OLJ,5317,30152,107744
0401ONH,3437,18590,73299
0401ONT,378,2367,8137
0401ONY,5080,41567,192641
0401ORC,3812,25033,109747
0401OTM,7794,52474,197356
0401P1M,6544,33257,120828
0401P3B,6589,40127,140326
0401PCE,9430,51832,176392
0401PCK,5317,30602,106865
0401PD1,377,2359,9438
0401PDO,377,2359,9438
0401PLB,5317,30736,109471
0401PMR,2785,30756,109677
0401PNR,5418,33103,118997
0401POS,1709,10728,68359
0401PPL,1006,9138,85054
0401PS1,3538,21326,82124
0401PS4,6589,37397,132511
0401PSN,1166,7290,31627
0401QTY,1166,7310,29749
0401RCK,6720,38845,155479
0401RDA,6299,39555,179028
0401RKN,3468,20360,94391
0401ROA,1942,12033,47324
0401ROK,6938,39441,156752
0401RPL,4704,30216,113489
0401RSE,4128,25661,103705
0401RWE,1464,12629,68588
0401S1S,4704,31429,115204
0401S3B,6589,35347,127847
0401SAQ,2086,12955,48876
0401SBA,11578,54647,143960
0401SDA,3389,23385,96747
0401SEE,925,5628,20581
0401SHL,2031,12119,44698
0401SIX,7806,55341,182325
0401SLT,1276,7840,30159
0401SMJ,5311,32395,116974
0401SNI,2086,13205,90714
0401SOS,4704,31492,115285
0401SOY,4927,30150,110071
0401SPE,0,0,0
0401SPL,4384,28144,112813
0401SPN,4604,25197,77590
0401STG,1005,10283,97317
0401SVN,1976,12351,53303
0401SWM,11025,54792,141474
0401SWT,1723,10514,59907
0401TAL,1171,7322,30450
0401TEU,5478,33107,119073
0401TGS,1976,12351,56563
0401TIT,1038,6700,26642
0401TKY,72,451,1805
0401TLT,5580,33346,153181
0401TMI,1003,12812,92240
0401TNS,543,3558,14386
0401TPK,2070,10496,39505
0401TQU,4704,29488,117440
0401TRN,796,7500,61824
0401TSX,10195,57924,195867
0401TTL,5710,35900,125656
0401TUI,2779,20166,85634
0401TUY,2086,13118,72750
0401TYI,6299,40661,179631
0401UCB,4704,29175,114389
0401UES,4425,26547,100685
0401UJJ,3800,22783,111270
0401UJR,2818,17406,69523
0401UM1,5163,31836,119512
0401UM2,4998,32838,119625
0401UM3,3782,24574,102813
0401UMD,5316,32422,116697
0401UMJ,4712,28529,115678
0401UMM,4919,30317,112501
0401UOU,2797,17272,71880
0401UPS,4704,33226,116451
0401-UR,2747,17140,71545
0401USC,4704,32805,114901
0401VWA,1651,10442,42046
0401VWP,6306,32535,120156
0401.WD,2821,17418,71505
0401WIA,4411,27938,111215
0401WKM,72,451,1805
0401YKA,5192,34083,164332
0401YMK,5275,34167,163974
0402AQN,3538,20907,79524
0402CLT,2006,12856,59091
0402CTY,1965,13195,63838
0402DON,2192,14682,63946
0402KY1,8881,54689,157846
0402LDR,3660,20507,71931
0402MLY,5971,33685,120369
0402MWH,2976,17824,71146
0402RAU,7004,46639,204062
0403BNG,9877,64788,267988
0403DMS,2083,13911,63374
0403DSL,11577,62357,168205
0403GMW,1903,9805,37328
0403INC,4637,29350,111688
0403JCN,1976,12517,62313
0403JOS,9937,56606,160121
0403KBL,4742,25730,78397
0403KSE,7789,55426,181954
0403KY1,9093,54879,154795
0403LMS,4687,27675,101799
0403MKC,6589,46668,179447
0403MKI,378,2367,12056
0403MTW,4704,29506,116752
0403MWF,910,5226,20520
0403NYO,1175,7734,34615
0403QKM,72,451,1805
0403RAU,6262,44608,199195
0403RDA,916,5294,49332
0403SKJ,4032,25012,102175
0403UM2,4981,32693,119466
040HHH,5317,30602,110403
040PLB,5317,30557,109716
0410AAA,3615,21938,80466
0410AAL,829,4862,18287
0410ABT,965,6835,76467
0410ADA,1559,10892,46408
0410AG2,3538,21332,81432
0410AKO,6589,35807,129528
0410AMW,3416,21897,93524
0410ANA,1724,14909,93765
0410ANN,3524,21102,78564
0410AOC,377,2359,9854
0410API,2635,21753,103794
0410APT,377,2359,9438
0410AQA,4634,27200,98580
0410ARA,5754,36066,120641
0410ARL,810,5280,21740
0410ARN,757,4742,35139
0410ASE,818,5125,19182
0410ASN,5627,34518,115446
0410AWC,3394,21275,90755
0410BAT,1600,10103,42516
0410BBP,4704,29403,121076
0410BDN,3421,19185,74909
0410BEN,3405,22898,93132
0410BHS,3538,22653,104895
0410B/M,831,5405,22660
0410BPF,3538,21985,89468
0410BPS,72,451,1805
0410BRG,4704,29403,116990
0410CCR,2828,18758,88131
0410CEX,2097,13442,55757
0410CGR,1166,7292,30083
0410CJA,4661,26595,96294
0410CMH,3435,20285,95036
0410COM,1166,7300,30718
0410CPK,5317,30700,106951
0410CRN,3808,23039,112458
0410CST,3367,18688,80414
0410CUS,4704,28529,112197
0410CUT,4214,24884,91255
0410DCJ,2794,17393,70155
0410DNB,2086,14475,90503
0410DNR,3229,19057,74764
0410DPI,7582,60284,181076
0410DTB,1166,7290,32270
0410EAD,2675,21757,93307
0410EHA,3772,20382,76917
0410EIE,962,9831,89689
0410ENI,958,9528,89073
0410ERO,7214,45777,160279
0410ETJ,4401,27027,105313
0410GRE,6062,33771,120001
0410HCO,4087,24812,92559
0410HMA,2813,17429,70931
0410HMZ,2730,17376,74582
0410HRB,4704,29403,120784
0410IBN,1777,10751,39949
0410IEO,4424,25296,92031
0410ILO,4704,31326,117935
0410ISR,1442,8378,39440
0410ITN,4704,32116,117238
0410J1K,5193,31960,119255
0410JKJ,1207,7841,32125
0410JMN,3794,22755,111369
0410JNC,11025,55830,144090
0410JUO,3493,21655,79936
0410K1M,11025,59466,152585
0410KBM,831,4724,17632
0410KCF,11578,60665,155711
0410KEE,665,4259,18076
0410KLL,3374,21781,90267
0410KNS,8640,55090,189805
0410KOB,7214,40064,136031
0410KSD,1976,12689,57068
0410KWC,4930,31264,118791
0410LAM,1976,12436,60667
0410LAO,377,2597,12307
0410LET,2024,12840,60064
0410LIT,4677,27696,103499
0410LMW,1298,7905,30437
0410LOM,2183,14660,63886
0410LSE,824,5384,21078
0410MAK,4704,28985,109249
0410MIA,3452,21985,93763
0410MKD,2697,17164,69594
0410MLI,3277,20654,81801
0410MRB,2086,13041,51849
0410MRR,3284,20372,84208
0410MSB,3831,24939,106142
0410MUT,4782,30312,119283
0410NA0,1322,12828,91037
0410NAI,3766,20368,76888
0410NBT,4637,28423,102920
0410NCK,3354,19247,82387
0410NJB,834,5108,49840
0410NJR,1083,6774,23968
0410NKO,8991,54474,154213
0410NML,4050,27245,128067
0410NOD,808,4811,17303
0410NPB,3538,23187,105647
0410NSE,5593,34549,115630
0410OAD,3560,30545,139665
0410OAP,11578,61805,165851
0410OAS,2704,17065,73408
0410OAU,3252,20419,85207
0410OEA,126,1160,9804
0410OJH,4658,26688,96578
0410OKL,4704,31401,117870
0410OML,2241,14861,64470
0410PAW,831,5003,18738
0410PCE,9207,48070,170911
0410PDA,4704,29403,119801
0410PFJ,4186,25923,93542
0410PH8,1976,12391,59998
0410PST,2685,17019,73125
0410PWS,6589,35101,127292
0410RAT,4207,25919,101251
0410RIK,3908,22148,101004
0410RPT,72,451,2625
0410RSK,1041,11258,59216
0410RST,5151,34664,114086
0410RTO,8350,53957,199003
0410SAH,9496,57507,207935
0410SIA,5669,35218,116703
0410SNI,2086,13235,94511
0410SSO,4704,30909,114504
0410TAM,4704,29599,116841
0410TEN,3263,20558,83880
0410THU,816,5891,25006
0410TIA,9399,57330,206988
0410TKY,72,451,1805
0410TMH,2736,17380,77617
0410TOA,4660,27485,100721
0410TOS,1761,11317,82499
0410TSH,9239,56894,206860
0410UGI,757,4731,29725
0410UIA,6063,36415,125065
0410UIY,4704,29657,117301
0410ULA,4415,25270,91974
0410USP,4704,32766,114847
0410WAA,5003,31547,118697
0410WDA,11279,63552,205077
0410YYN,1290,8111,34379
04111YO,11571,62274,168489
04112G4,3538,21434,81885
0411A1M,5317,31002,108291
0411AAG,2086,13041,59213
0411AAN,4617,24224,85036
0411AAS,757,5090,26763
0411ABT,1656,10243,42753
0411ACD,2844,17533,70805
0411ACE,5317,30475,107109
0411ADR,2797,17408,70311
0411AGI,10944,67512,277788
0411AIO,11578,61953,163007
0411AJW,6532,33064,120939
0411AKI,4721,28935,102605
0411ALB,925,5639,23152
0411AOO,1268,8597,36881
0411AOT,911,5108,17888
0411APA,931,4990,17816
0411ASC,718,4389,25060
0411ASI,5591,33512,113697
0411AUJ,4228,25195,93694
0411AWA,3328,21667,91601
0411BEN,3668,23602,94262
0411BIA,5110,31466,117111
0411BLK,6285,25523,78018
0411BP1,4704,29403,119837
0411BPF,3538,22232,89820
0411BPS,72,451,1805
0411BYU,4704,29403,116456
0411CAI,3808,23470,108343
0411CAR,2870,18863,88829
0411CAT,2885,17600,71934
0411CER,6830,38208,128446
0411CGR,1166,7292,29747
0411CIR,2876,17590,70699
0411CRG,377,2359,10564
0411CRN,5317,28105,108872
0411CST,3707,21015,87705
0411DC,2869,17775,74985
0411DEI,7493,59648,180662
0411DGC,2830,17545,71219
0411DLP,3540,24786,108279
0411DRU,6822,45980,203375
0411DTB,1166,7348,33522
0411EAO,8825,53705,152706
0411EAS,7627,50594,172711
0411EDS,11539,62745,170332
0411EEA,1007,10284,90349
0411EEE,4108,24412,95026
0411EER,11548,62912,170420
0411EIL,3341,20801,82167
0411ELC,4358,27765,115309
0411ELL,903,5597,22229
0411ERC,2086,13073,55768
0411EST,2807,17431,70356
0411ETA,890,5484,22118
0411GMM,2177,13308,46171
0411GOI,5751,34442,120457
0411GSA,6351,37714,153447
0411GSL,1083,6774,26808
0411HHI,4678,27756,95006
0411HMZ,2846,17666,76425
0411HOM,1868,11109,42416
0411HRB,4704,29403,121045
0411HSG,3777,20939,78076
0411IFB,6589,35531,128653
0411ILO,1007,6021,64890
0411ILP,4633,26397,95585
0411IMU,3778,22704,111505
0411IOT,4704,30351,114069
0411IRL,128,792,3499
0411IRS,916,5334,19420
0411IRT,7201,38182,127829
0411ITO,72,451,1805
0411IWA,4276,26201,98272
0411JEA,4676,28191,100502
0411JNV,4356,29155,116385
0411JSC,4507,29370,111324
0411JUU,4704,32962,117462
0411KAA,11045,67750,271570
0411KCF,11578,61658,158192
0411KDW,2823,17439,71532
0411KOI,1322,9783,83020
0411KPL,1166,7318,31298
0411KPS,5317,32544,115660
0411KSD,1976,12599,57249
0411LCR,1083,6801,28947
0411LRF,4637,28871,112041
0411MAA,4528,25580,97530
0411MAS,3943,25258,107461
0411MCR,4704,29374,111221
0411MCW,3387,20853,83926
0411MEB,757,4731,29013
0411MIR,2000,12084,49576
0411MPT,1282,7601,28961
0411MRB,2086,13041,51842
0411MSC,3659,22821,82127
0411MUT,4803,30268,119084
0411MZW,3708,22234,97812
0411N,4924,30887,117229
0411NAA,704,4352,29139
0411NAH,2086,13041,78464
0411NAI,4093,24981,93225
0411NDL,3192,19092,74896
0411NGS,4637,26213,96626
0411NII,2041,15225,68916
0411NJR,1083,6774,23855
0411NJT,5906,36443,122214
0411NLE,3735,24626,107192
0411NOO,72,451,2488
0411NRI,4704,29976,118714
0411NSE,5796,36183,120427
0411NSO,924,5210,18926
0411OAT,5598,33403,152784
0411OKR,4701,27860,104017
0411ONY,4991,41258,191827
0411OOC,750,4478,17642
0411OOK,11578,61881,166269
0411OON,4469,25468,92601
0411OOO,4704,29403,121398
0411OOU,2820,17404,69506
0411ORE,4329,26853,104922
0411OTR,758,4885,49736
0411P1M,6510,32951,120411
0411P3A,6589,42036,154545
0411PAC,2086,13041,55321
0411PEV,1007,9644,86826
0411PFJ,4335,26498,94893
0411PFS,4704,28640,109322
0411PH5,1976,12351,52637
0411PST,2826,17473,79782
0411RCK,5524,35450,149348
0411REB,4004,24040,94067
0411RIB,10407,54617,223263
0411RIK,3961,22293,101218
0411RND,6589,34829,125634
0411RON,9015,53616,150565
0411RRC,11578,61977,164630
0411RST,6866,37580,118435
0411RUU,4704,31467,112704
0411RVP,6589,35474,128363
0411SAS,1001,10448,97432
0411SIA,9103,55314,184442
0411SIE,1083,7009,29754
0411SIR,1183,7398,25854
0411SKA,3634,23407,107999
0411SMY,3696,22590,93951
0411SNC,10181,57559,157820
0411SOS,4704,31352,115140
0411SP1,8514,54541,203014
0411STJ,8253,55804,174894
0411STO,2840,17502,79899
0411SUQ,3538,21619,84053
0411SVN,1976,12351,52993
0411TAA,1006,6251,73378
0411TAM,913,4863,17371
0411TAU,9195,56707,207426
0411TEM,4680,27552,100710
0411TEN,3355,20773,82547
0411TGS,1976,12351,59307
0411TMH,2861,17693,79012
0411TOL,4501,28455,113219
0411TRH,2515,19286,83703
0411TSH,9166,56712,206613
0411UAJ,4150,25201,93601
0411UB1,4704,29403,117791
0411UJL,4300,27329,115771
0411URD,6834,46012,203421
0411VAU,5688,35913,118986
0411YYA,1271,8023,34153
0412CAR,2865,18863,88546
0412CSD,3731,20132,85282
0412CTI,1924,12938,63683
0412DLP,3546,25259,108513
0412DON,2225,14979,64961
0412KNC,757,4731,22580
0412MKD,2858,17557,70717
0412MTH,827,13801,66326
0412MTW,820,13304,65574
0412NAI,3643,19821,76328
0412TSR,757,4928,38993
0413PSB,377,2359,9438
04O2CLT,2010,12934,59466
0500AA,2966,33858,150115
0500AAL,674,5605,42719
0500AAZ,158,989,3958
0500ABL,584,2941,11776
0500ACA,0,0,0
0500ACC,158,989,3959
0500AGB,158,989,3959
0500AHS,584,3068,11680
0500AKI,158,989,3959
0500ALA,0,0,0
0500AME,584,3653,14815
0500ANE,1193,7243,25707
0500APJ,627,4167,17018
0500AST,184,1263,5985
0500AUT,184,1141,3976
0500BAL,1193,7458,27722
0500BAR,0,0,0
0500BAS,377,2359,9438
0500BDS,139,862,3442
0500BLZ,1193,7458,26964
0500BMS,120,808,3332
0500BOI,830,4780,17189
0500BPS,0,0,0
0500BRM,0,0,0
0500CAB,718,4388,26498
0500CAM,139,866,3472
0500CAR,158,989,3959
0500CAU,0,0,0
0500CHN,377,2359,9438
0500CIT,584,4092,22632
0500CLX,0,0,0
0500CMZ,158,989,3955
0500COC,584,3641,13312
0500CON,139,869,3461
0500CRW,377,2359,9438
0500CSH,691,4888,36790
0500CUE,139,876,3532
0500CUV,158,989,3958
0500DAD,158,989,3951
0500DAK,584,3568,13684
0500DBC,158,989,3959
0500DMS,680,4542,45015
0500DRN,158,989,3959
0500DVK,0,0,0
0500ELD,146,952,3892
0500EPZ,0,0,0
0500EVP,377,2359,10649
0500EXC,0,0,0
0500EYR,1581,10891,44345
0500FAA,0,0,0
0500FCT,584,3255,12333
0500FLT,0,0,0
0500FNA,833,5393,20260
0500FRT,158,989,3959
0500FTM,0,0,0
0500GCG,0,0,0
0500GCT,158,989,3959
0500GOE,584,3651,13795
0500HAW,0,0,0
0500HAZ,1193,7428,30150
0500HIC,184,1156,4624
0500HJS,81,882,4167
0500HLL,158,989,3959
0500HLM,128,860,3681
0500HLT,158,989,3959
0500HMN,158,989,3959
0500HRN,158,989,3959
0500HSM,0,0,0
0500HST,120,752,3086
0500HZS,1193,7418,30365
0500IKO,158,989,3959
0500IMD,2966,17864,103588
0500ITM,158,989,3953
0500JCC,1193,7458,27663
0500JKL,377,2359,9438
0500KAE,0,0,0
0500KAN,0,0,0
0500KAP,40,1519,8332
0500KBL,158,989,3583
0500KBR,1505,11028,45175
0500KCH,158,989,3959
0500KCL,158,989,3959
0500KCY,158,989,3959
0500KEA,377,2359,9890
0500KHN,0,0,0
0500KJI,0,0,0
0500KKM,0,0,0
0500KLB,584,3697,16544
0500KMC,0,0,0
0500KME,584,3789,20220
0500KMR,0,0,0
0500KNC,0,85,793
0500KOB,1190,7378,29380
0500KPS,1055,6387,26954
0500KRJ,158,989,3959
0500KRT,0,0,0
0500KSG,943,6073,27091
0500KSP,158,989,3959
0500KSR,0,0,0
0500KTT,120,752,31696
0500KWG,377,2359,9518
0500KWI,584,3646,13406
0500KWT,377,2359,9438
0500LBN,158,989,3811
0500LGS,120,752,3008
0500LIM,0,0,152
0500LMA,0,0,162
0500LRJ,158,989,3959
0500MAR,1193,7412,27759
0500MBT,0,10,1699
0500MBZ,158,989,3959
0500MCH,1166,7293,30637
0500MCT,158,989,3959
0500MEM,2257,15305,74312
0500MER,32,216,883
0500MGA,584,3653,20904
0500MGC,0,0,0
0500MGH,1002,6536,27924
0500MGT,0,0,0
0500MGY,584,3956,19799
0500MIN,584,3636,13609
0500MIO,1105,7079,28747
0500MJN,0,152,921
0500MKY,158,989,3959
0500MLN,0,0,0
0500MMU,139,870,3030
0500MOW,584,3730,21632
0500MPF,584,3671,15845
0500MPK,158,989,3918
0500MPS,1418,11050,45479
0500MRL,158,989,3959
0500MSC,1603,10806,43729
0500MSL,158,989,3959
0500MSQ,1187,7548,29951
0500MSR,0,0,0
0500MSU,158,989,3959
0500MSV,158,989,3956
0500MSW,158,989,3635
0500MUQ,2440,15231,53965
0500MWR,158,989,3959
0500NBA,158,989,3959
0500NBW,0,0,0
0500NDB,584,3313,14172
0500NDG,158,989,3957
0500NGA,0,0,0
0500NLP,0,0,0
0500NMJ,0,0,0
0500NNE,0,0,0
0500NRA,584,4565,25586
0500NSK,2916,22328,94425
0500NTN,0,0,730
0500NTU,0,0,0
0500NYT,0,0,0
0500NYY,1291,8165,34680
0500OAI,829,4799,18032
0500OBT,0,0,0
0500OLR,0,0,0
0500OLS,1193,7457,28374
0500OOB,158,989,3959
0500ORP,120,752,3008
0500OSA,584,3194,12119
0500PCH,1076,7126,29098
0500PHP,1193,7450,28259
0500PLC,0,0,0
0500PLV,1193,7448,26631
0500PNR,827,4566,16926
0500PTL,0,0,23
0500PVE,1177,6370,23825
0500QRL,158,989,3819
0500RAJ,377,2359,9438
0500RAL,1166,7290,29647
0500RLN,584,3832,16208
0500RMP,0,0,0
0500RNG,0,0,69
0500RNO,0,0,0
0500RRN,584,4162,24641
0500RTN,1147,7670,31781
0500S39,0,0,0
0500SAA,377,2359,9839
0500SAE,158,989,3959
0500SAT,584,4963,26140
0500SBK,0,0,474
0500SCS,838,5790,26437
0500SFA,1062,7328,29227
0500SHL,838,5417,21268
0500SHM,0,0,261
0500SKR,584,3653,13946
0500SKW,120,752,3008
0500SLN,0,0,573
0500SMI,0,0,0
0500SMR,828,5396,22318
0500SNA,1193,6590,24288
0500SNR,0,1,320
0500SST,0,0,0
0500STM,666,4260,17444
0500STR,1398,10335,47488
0500STS,0,0,0
0500SUP,1402,10799,44961
0500SWR,140,881,3561
0500SYJ,0,0,41
0500SYK,0,0,0
0500TAB,1193,7451,27781
0500TBA,2638,17022,77546
0500TEA,1193,7173,25650
0500TJI,2690,17180,70729
0500TKS,377,2359,9576
0500TNI,184,1140,3970
0500TOL,0,17,548
0500TON,973,6230,67683
0500TRN,0,0,0
0500TSH,966,7348,81472
0500/TT,120,752,4416
0500TTK,158,989,3959
0500TUR,1402,10453,45681
0500TUY,0,0,0
0500UFK,33,219,889
0500UIR,584,4138,24402
0500URO,1401,10489,45113
0500VUM,1193,7455,27316
0500WAT,851,6268,27951
0500WNN,1193,7458,26823
0500WTH,0,0,0
0500WTO,158,989,3959
0501AAD,1394,11014,45482
0501ACA,0,0,0
0501ADV,0,0,0
0501AES,1042,6709,26644
0501AFL,120,752,24241
0501AGC,158,989,3959
0501AKL,584,3744,18195
0501AMB,584,2913,11651
0501AMN,184,1156,4358
0501AMR,780,5154,36497
0501APJ,754,4500,17695
0501APV,714,6652,40544
0501ATH,584,3047,11618
0501ATL,0,0,0
0501BAL,1193,7458,27780
0501BAN,1166,7324,29897
0501BDS,138,859,3437
0501BLU,1092,7484,36427
0501BLZ,1193,7458,27101
0501BMH,584,3653,14975
0501BMS,137,862,3439
0501BOT,158,989,3959
0501BRE,377,2359,13829
0501BRK,377,2359,9438
0501CEM,158,989,3425
0501CHI,120,752,3008
0501CHN,377,2359,9438
0501CIC,1392,8492,34178
0501CIV,1392,8616,33339
0501COG,158,989,3959
0501COI,584,3639,13286
0501CRW,377,2359,9438
0501CUE,2966,35709,126195
0501DAR,1176,7345,29723
0501DBB,158,989,3959
0501DBC,158,989,3959
0501DME,789,4886,42938
0501DSC,1392,9228,36955
0501EAR,0,0,0
0501ELD,37,228,1751
0501ENE,0,0,0
0501ERR,0,0,0
0501EXC,0,0,0
0501FAR,158,989,3959
0501FDE,954,9512,89254
0501FOR,158,989,3959
0501FRC,584,3268,12394
0501GMS,1654,8847,34347
0501GTD,377,2359,13025
0501GTH,1193,6914,24921
0501HAZ,1193,7427,30128
0501HCC,0,140,988
0501HLC,158,989,3959
0501HLR,158,989,3959
0501HMA,158,989,3959
0501HOT,1392,8547,33723
0501IMR,1995,12014,48694
0501INR,1166,7290,31173
0501JKL,377,2359,9438
0501KAD,584,3590,13834
0501KAE,158,989,3959
0501KBL,1408,8898,35149
0501KBX,158,989,3619
0501KCL,158,989,3959
0501KCR,158,989,3959
0501KDO,1392,9793,39170
0501KDT,1406,10079,40849
0501KET,158,989,3959
0501KIL,158,989,3959
0501KIR,120,752,3008
0501KIS,0,0,0
0501KMC,0,0,0
0501KNA,158,989,3959
0501KNL,0,0,0
0501KOD,158,989,3959
0501KPT,1193,7441,28556
0501KPU,757,6673,31125
0501KRD,584,3653,17458
0501KSG,0,0,0
0501KSN,126,824,3581
0501KSP,158,989,3959
0501KSS,158,989,3959
0501KWG,377,2359,9539
0501KWK,377,2359,9524
0501LRJ,158,989,3959
0501LSR,0,0,0
0501MAB,158,989,3959
0501MAG,1392,8035,31794
0501MAL,158,989,3622
0501MAS,158,989,3959
0501MAU,158,989,3959
0501MBE,120,752,4577
0501MBO,158,989,3959
0501MBT,0,11,2221
0501MDN,584,3639,13599
0501MIA,184,1129,3931
0501MIL,1392,8603,33564
0501MJN,0,128,865
0501MKR,138,869,3472
0501MKS,1522,10871,44606
0501MLG,0,0,11
0501MLK,158,989,3959
0501MOA,1978,11669,45602
0501MOE,1392,8512,31689
0501MQE,1193,7445,28527
0501MRG,138,875,3552
0501MSA,1133,6222,23482
0501NDG,158,989,3959
0501NEK,617,4807,20619
0501NIB,0,36,707
0501NKO,0,0,0
0501NLP,0,0,0
0501NMD,1422,10999,45329
0501NMJ,0,0,0
0501NNL,584,3871,16300
0501NNP,138,865,3465
0501NPC,158,989,3906
0501NTN,0,0,629
0501NYY,1266,8008,34153
0501OCN,125,811,3539
0501OHA,36,450,2827
0501OIL,120,752,3008
0501OIN,787,5305,21637
0501OLA,184,1272,6012
0501OLR,0,0,0
0501OLS,1193,7456,28453
0501ONM,0,0,0
0501OTT,1266,8601,36916
0501OUT,0,0,0
0501PCE,0,0,0
0501PRI,120,752,3771
0501PTN,1193,7440,28481
0501PVW,1193,7458,26919
0501RCK,584,3653,17330
0501RCR,584,3653,15791
0501RET,126,813,3543
0501RIA,1193,7424,29327
0501RIM,0,0,0
0501RIV,1193,7451,27806
0501RNG,0,0,75
0501RNP,0,0,0
0501RRI,1404,10513,45140
0501RTI,1193,7435,28718
0501S39,0,0,0
0501SBD,1193,7458,26954
0501SBK,0,0,432
0501SDG,913,5118,17912
0501SDO,1965,12212,75292
0501SEL,923,5626,21926
0501SGC,1193,7445,28210
0501SHM,0,0,254
0501SKN,0,0,0
0501SLM,0,0,0
0501SNA,1193,6634,24382
0501SRI,1193,6537,24119
0501STM,0,0,0
0501STS,0,0,0
0501SVK,1192,7412,29367
0501SYC,0,0,350
0501SYJ,0,0,24
0501TAM,158,989,3959
0501TFS,724,4407,17940
0501TKS,377,2359,9557
0501TLL,0,10,511
0501TML,1392,8375,36388
0501TTO,584,3626,15561
0501UCH,799,4896,42962
0501UMI,0,0,0
0501UTJ,184,1054,3732
0501VIL,377,2359,10411
0501VLG,0,0,0
0501VNL,0,0,0
0501VOD,142,891,3569
0501WCK,120,752,3081
0501WEB,1392,9253,36606
0501WIL,824,5913,36355
0501WMN,0,0,0
0501ZZL,158,989,3959
0502AMB,757,4731,26498
0502BMA,158,941,3600
0502DVK,0,0,0
0503CNA,584,4060,19725
0503HRS,3988,14527,49250
0503KNK,158,989,3959
0503KRL,158,989,3959
0503MZW,9292,51867,130745
0503PEV,377,2359,11076
0503STS,1399,10333,47632
0503TMO,1298,7882,33548
0510AAD,0,0,0
0510AAF,1803,11381,45198
0510AAN,120,752,9730
0510AAU,36,228,951
0510ABO,120,752,3008
0510ADP,184,1156,4624
0510AEM,829,5404,20282
0510AGP,757,6510,30793
0510AGR,120,752,3008
0510AIH,1193,7458,26647
0510AIM,1595,10729,44244
0510AIR,1837,10786,39905
0510AIW,2966,35749,170035
0510ALM,778,5605,36597
0510AMN,184,1156,4484
0510AMR,700,5367,36688
0510ANI,293,1789,7156
0510AOC,3039,22949,91596
0510ARA,0,0,0
0510ARK,1193,7425,28462
0510ATL,826,5037,18868
0510ATN,184,1045,3711
0510AVT,778,4669,16389
0510BAL,849,6160,27816
0510BEI,833,5421,21871
0510BKM,139,876,3486
0510BLV,826,5406,21822
0510BRC,120,752,3008
0510BRK,377,2359,9438
0510CAN,714,4590,45175
0510CAO,142,893,3574
0510CFI,120,752,3130
0510CNG,1166,7308,30264
0510CRH,120,752,3008
0510CUN,840,6158,25618
0510DOT,1166,7290,31620
0510DUS,1166,7290,30572
0510DVM,1392,9812,41216
0510E4E,120,752,17785
0510EAR,0,0,0
0510EAZ,184,1156,4624
0510EGL,141,871,3458
0510EKI,184,1156,4624
0510EMG,120,752,3398
0510EON,120,752,19143
0510EPN,969,10473,91205
0510EPR,120,752,3008
0510EPZ,0,0,0
0510ERE,0,0,0
0510ETG,158,989,3959
0510FGT,2440,14084,50983
0510FHI,1805,11457,44085
0510GAH,1193,7053,25225
0510GIE,0,0,209
0510GMS,1237,7910,32282
0510GSU,184,1156,5174
0510HAS,37,229,1778
0510HDY,158,989,3959
0510HEL,1392,8257,36177
0510HLC,158,989,3959
0510HQS,680,3282,36441
0510IAA,1767,11524,48281
0510IAR,1193,7458,27378
0510IAV,0,0,0
0510IBE,184,1047,3716
0510IBR,1868,10830,39802
0510IDD,1166,7290,31899
0510IIH,4318,14910,50038
0510ITI,184,1144,3986
0510IWT,157,919,3553
0510/JA,820,5068,48736
0510JAS,837,5425,20428
0510JNT,1193,7458,26840
0510KAB,1864,10844,39979
0510KAL,2893,22425,96653
0510KAO,158,989,3959
0510KAS,715,4310,42018
0510KBL,6185,25465,77949
0510KEF,2440,15242,70843
0510KFA,681,4507,45755
0510KIT,0,0,0
0510KJC,158,989,3959
0510KNH,158,989,3959
0510KOB,0,0,2
0510KPT,1193,7458,27089
0510KSM,0,0,0
0510KWR,0,0,0
0510LEN,184,1156,4626
0510LEO,580,2899,13660
0510LGP,733,5531,36701
0510LGT,120,752,3489
0510LIV,120,752,29078
0510LKO,0,0,0
0510LOO,0,33,671
0510LTA,1166,7290,29539
0510LTL,1392,8259,36274
0510LTO,72,469,2457
0510LTY,120,752,3708
0510MAR,796,8604,63006
0510MAS,1193,7456,27828
0510MAY,1303,7894,33572
0510MBL,801,4878,17499
0510MCU,1193,7450,28226
0510MDA,0,0,0
0510MEF,715,5336,36653
0510MES,757,5253,28029
0510MFL,1392,9840,41196
0510MOB,812,4757,17158
0510MSA,1136,6235,23500
0510MSL,0,168,1060
0510MTK,0,0,0
0510MY.,158,989,3959
0510NAE,120,752,3008
0510NAH,120,752,3825
0510NIY,620,4130,16885
0510NRA,584,4443,25397
0510NSA,836,5674,24376
0510NSB,158,989,3959
0510NSS,706,4888,36712
0510NST,0,0,0
0510NTO,184,1156,4648
0510NYS,1391,9344,37589
0510OAI,1193,7442,28510
0510OAL,617,4124,16888
0510OCU,1659,10659,40109
0510ONI,0,0,0
0510PKP,140,883,3569
0510PSA,0,0,0
0510RAN,158,989,3959
0510RAO,665,4254,28963
0510RBT,758,4890,49444
0510RGS,586,3994,16576
0510RIS,1193,6726,24513
0510RKC,0,0,0
0510RQA,158,989,3813
0510RUN,837,4615,16826
0510SAB,820,4643,17296
0510SBR,137,863,3449
0510SCA,712,4373,25300
0510SEA,0,0,0
0510SEM,120,752,18954
0510SHL,0,0,76
0510SJT,832,5411,20492
0510SKN,0,0,0
0510SKY,128,805,3381
0510SLL,0,0,0
0510SLN,0,0,467
0510SMC,1193,7455,27522
0510SMF,36,227,1477
0510SMP,158,989,3959
0510SNS,120,752,22043
0510SOL,158,989,3959
0510SOO,0,0,0
0510SR',120,752,21015
0510SSI,120,752,19108
0510STY,659,4241,31429
0510SYC,0,0,212
0510TAT,120,752,8535
0510TCK,0,0,0
0510TEI,825,4977,18685
0510TEN,125,812,3543
0510TIL,812,5272,21829
0510TIM,1748,11703,59309
0510TKY,0,0,0
0510TLA,1656,11353,50896
0510TML,1392,8273,36184
0510TNZ,158,989,3959
0510TRP,1057,6765,28459
0510TSK,377,2359,9471
0510TSO,813,5658,24425
0510TUM,1824,12420,61839
0510TUO,3255,22948,83399
0510U2E,120,756,9083
0510UAE,806,4795,42032
0510UHO,820,5394,21701
0510UHU,691,3160,34863
0510UJC,120,752,3008
0510URD,855,4215,37608
0510UTJ,184,1049,3719
0510VCT,1183,7361,29600
0510VNL,0,0,0
0510VRA,700,4335,42434
0510WIL,718,6104,36443
0510WOL,702,6093,36489
0510YAN,72,571,2732
0510Z0A,865,4919,18200
0511AA.,2966,33944,145181
0511ABC,120,752,3008
0511ABS,0,0,0
0511ACG,1193,7205,25738
0511ADP,184,1156,4624
0511AGI,128,804,3373
0511AIM,1275,9455,38132
0511AKI,138,932,3852
0511AKR,927,5380,19517
0511ALB,932,6561,29177
0511ALM,0,0,0
0511ALP,0,0,0
0511ANA,120,752,3602
0511AOT,72,451,2369
0511ARA,984,5391,19149
0511ARE,377,2359,9438
0511ARI,36,227,906
0511ASM,1193,7416,27680
0511ASP,1193,7354,26198
0511ASS,35,225,1080
0511ATI,826,4681,16353
0511ATL,1274,7837,30150
0511BAL,932,5659,23592
0511BAN,712,4373,25599
0511BLV,912,5616,22279
0511BND,184,1041,3701
0511BPS,72,451,1805
0511BRK,120,752,3008
0511CAB,667,4260,25700
0511CAN,72,579,2750
0511CAT,158,989,3959
0511CEH,120,752,3008
0511CHN,341,1916,7412
0511CKC,0,47,695
0511CNG,1166,7305,30234
0511CNL,138,866,3455
0511COM,372,2245,9951
0511CPC,903,5514,22197
0511CUE,139,876,3532
0511DNI,584,3353,14362
0511DRE,138,865,3471
0511EAG,1193,6956,25083
0511EBK,584,4128,18902
0511ECC,0,0,0
0511EJS,584,3502,15262
0511EKA,578,2911,13746
0511EOI,72,451,2077
0511EPZ,0,0,0
0511ERS,38,230,1495
0511ERY,1392,9803,40909
0511ESA,120,752,31048
0511GBE,377,2359,10653
0511GEA,940,5678,21622
0511GOH,0,0,0
0511GSU,184,1156,5168
0511GTA,377,3089,14836
0511HIR,1193,7455,27963
0511HOS,0,0,228
0511HSL,184,1156,4624
0511HYG,584,3255,13453
0511IAA,0,53,696
0511IAK,0,54,706
0511IEB,136,861,3446
0511IFC,1277,7706,29373
0511IIK,584,3653,17326
0511IIV,120,752,29267
0511ILI,957,10894,93019
0511IND,1166,7368,32991
0511INR,129,910,3810
0511ISP,120,752,18319
0511ITT,35,224,945
0511IUF,38,230,911
0511IUG,0,0,0
0511KAJ,158,989,3959
0511KAP,467,2464,10333
0511KCF,184,1156,4624
0511KCT,0,0,0
0511KNE,158,989,3959
0511KNH,158,989,3959
0511KOB,0,0,6
0511KSB,584,3653,16988
0511KTM,0,0,0
0511KZE,184,1156,4624
0511LEM,0,0,67
0511LER,584,3665,15541
0511LGT,120,752,4274
0511LLM,817,5064,48959
0511LNA,120,752,3825
0511LSN,120,752,21631
0511LTI,120,752,3712
0511LUP,928,5646,22901
0511LVU,1392,9650,37810
0511MAD,1392,9810,40899
0511MAK,1193,7409,28862
0511MAM,158,989,3959
0511MAT,1190,7378,29383
0511MCH,1166,7290,31342
0511MCU,1193,7451,28239
0511MDK,0,0,0
0511MDO,1746,11040,59274
0511MER,1193,7427,27544
0511MHG,184,1156,4634
0511MLL,0,0,141
0511MMU,138,868,3069
0511MSH,934,5659,20684
0511MSL,0,0,187
0511MTA,954,5034,17715
0511MTE,184,1156,4624
0511NAA,935,5125,18399
0511NAB,1380,9918,38925
0511NAC,158,989,3959
0511NAV,0,0,0
0511NBK,377,2359,9438
0511NGI,120,752,6267
0511NIS,2966,25432,157180
0511NOG,1193,7405,28940
0511NOI,941,5233,18862
0511NTN,0,0,427
0511NYS,1367,8827,36343
0511NYY,1260,7981,34049
0511OAM,910,4851,17347
0511OED,120,752,20901
0511OFM,0,0,0
0511OMT,0,0,395
0511OPR,120,752,3008
0511OST,0,580,6509
0511OTI,120,752,3544
0511OTN,120,752,3409
0511PHC,0,0,0
0511PJC,120,752,3008
0511PLV,1193,7296,25868
0511PNR,933,5003,17850
0511PST,943,5462,19728
0511PTU,35,225,1204
0511RAA,0,0,0
0511RAH,3265,39088,128499
0511RCN,584,3761,15970
0511RDA,813,5018,34525
0511RHR,858,4687,39506
0511RNE,120,757,10400
0511SE.,120,752,3008
0511SHL,0,0,85
0511SIT,9594,52351,131079
0511SMR,947,7065,30597
0511SNA,935,5252,19008
0511SNP,956,7757,83305
0511SOL,158,989,3959
0511SPM,125,845,3644
0511SPS,1193,7370,26258
0511SRG,584,3653,13527
0511SST,955,5714,21745
0511STA,120,752,3008
0511SUP,1393,10727,44784
0511SUY,0,0,0
0511SYK,0,0,0
0511TAN,158,989,3959
0511TAY,120,752,20432
0511TCU,584,3288,14734
0511/TE,2546,25679,78906
0511T.E,951,5708,21381
0511TEV,0,0,0
0511TGG,120,752,20259
0511THC,870,5720,24366
0511TIA,823,4814,16660
0511TLL,0,4,499
0511TOJ,1193,7446,28465
0511TOL,0,0,315
0511TOP,139,882,3567
0511TSH,0,0,0
0511TSK,377,2359,9448
0511TUS,0,0,0
0511TYK,377,2359,9475
0511UCC,109,752,3110
0511UCH,815,4843,43433
0511UHU,822,4848,42037
0511UNG,584,3655,14779
0511USO,120,752,21588
0511UYT,377,2359,9538
0511VHO,1193,7451,27812
0511VOE,881,5755,24419
0511WAM,2966,35745,170206
0511WEP,184,1006,3621
0511WIL,826,5927,36342
0511WKN,0,0,0
0511YRA,0,0,0
0511YSA,0,0,0
0512ADU,757,4731,26473
0512BST,757,5108,38319
0512CMC,757,4731,31416
0512CML,757,4731,29895
0512EAS,757,5079,32479
0512NKG,158,940,3597
0513CAB,2096,10386,69115
0513GTR,36,225,959
0513HOS,674,3443,38106
0513IMD,2966,17687,95929
0513KIT,0,0,0
0513KWR,0,0,0
0513MDK,0,0,0
0513TER,0,0,0
0600AMB,1114,7122,50342
0600AOV,1114,6965,29852
0600ARC,1116,6993,27984
0600ATS,10722,56816,139544
0600BRB,1535,18699,93020
0600CHK,1114,6965,31107
0600CHO,1114,11308,78812
0600CNG,6565,37347,116505
0600COP,6248,36514,115306
0600DON,1114,6965,29246
0600HGH,3990,14553,49289
0600KIL,1114,6965,29280
0600KIR,1114,6978,29312
0600KNG,5216,32422,134552
0600MBA,2440,14401,51691
0600MIE,1132,7055,28033
0600MON,1126,7012,29261
0600MOS,2440,15254,54919
0600NGM,2440,15129,89902
0600NSO,1114,6965,29304
0600OLM,1193,7228,26775
0600OTH,1125,7035,28015
0600RUS,2381,25896,102889
0600SAA,1125,7025,28373
0600SFK,7005,39319,126193
0600STH,1086,7476,36374
0600TOI,1131,7052,28031
0600VRP,1114,6965,33844
0600YAY,1114,6965,29559
0600ZEB,6217,39040,145596
0601AMB,1114,7167,51580
0601ARB,2440,14503,50877
0601ARC,1115,6987,27978
0601AYO,1114,11664,79703
0601BRB,1502,18504,92615
0601CNG,6691,37653,116855
0601COA,10722,57581,140443
0601CTU,2440,15041,53639
0601DRO,2440,15004,51397
0601ENL,2217,12118,46563
0601FLY,2440,15237,72483
0601GEE,1115,7009,29471
0601HDH,7136,38900,123191
0601HIG,3039,34799,140184
0601HTD,1129,7049,28027
0601INT,1114,6965,31845
0601IRN,1969,24184,100500
0601KIR,1114,6977,29430
0601KON,5961,35811,114445
0601MGA,2440,14510,53496
0601MON,1126,7010,29492
0601NAT,2440,14926,47353
0601NEU,1114,6965,29358
0601OLL,2440,14771,51649
0601PCE,2636,30453,131467
0601QUA,1114,6965,33597
0601SFK,7139,39773,126847
0601THT,1130,7049,28029
0601THY,1126,7040,28019
0601TWZ,6489,39686,146870
0601WAR,7109,41769,138782
0602STP,757,6775,46531
0603COP,10722,66098,152120
0603KNG,5275,32411,134395
0603STB,1193,7456,27257
0603YAY,1114,6965,29489
0610GEE,1116,7011,29217
0610GOP,794,5469,24018
0610GPO,757,4757,22025
0610HUL,1114,7203,35736
0610IAY,1114,6965,32849
0610INM,757,4816,22190
0610KSS,7029,40316,129636
0610MHS,2329,16481,70315
0610MKF,5315,37127,145763
0610NWH,1114,6965,33332
0610PNF,1114,6965,31231
0610RMX,1114,6965,31619
0610SER,1114,6908,29249
0610SHP,808,5716,26336
0610SOK,10722,61239,167203
0610VAJ,2440,14566,51162
0611BKS,2440,15254,51874
0611CKA,1114,6965,31051
0611COM,1114,8411,37707
0611DOD,1114,8058,38259
0611GPO,759,5324,23754
0611HGH,1749,11176,44970
0611HUR,1114,7081,35322
0611ISP,1114,8897,40244
0611IYQ,2440,14591,51189
0611KIL,1114,6966,29421
0611MKF,5499,37622,146381
0611NAV,1114,6965,29873
0611SEB,2440,15168,53572
0611SOK,10722,61377,167322
0611SRN,1114,6964,30115
0611VJA,2440,14478,51009
0611VRP,1114,6965,34320
0611YAY,1114,6965,30142
0613MWI,8827,50153,151001
0700AAY,1114,6965,29635
0700ABB,2366,14789,51439
0700ABN,158,989,3959
0700ACI,0,0,0
0700ADR,0,0,0
0700AIA,1477,7568,25966
0700AIC,2366,19476,87485
0700AIV,158,1163,4845
0700AKA,0,0,0
0700AMD,164,1043,5619
0700AOT,0,0,0
0700AOW,1487,9460,34975
0700ASM,0,0,0
0700AYY,1114,6965,28577
0700BDB,0,128,1035
0700BID,5834,35146,131091
0700BMC,1718,10964,49642
0700BMY,1785,10774,41811
0700BPS,6408,36855,134853
0700BRM,2440,14454,50891
0700BTG,2366,14767,67044
0700CAH,2157,15011,65789
0700CDT,1721,10697,42287
0700CKK,2366,13275,44305
0700CRP,158,989,3959
0700CUM,1717,10988,47254
0700CWH,0,0,0
0700CWT,0,0,0
0700DBS,158,989,4428
0700DCR,173,1084,3704
0700DCT,4748,26168,95894
0700DDO,1114,7768,37659
0700DIN,1566,10999,49635
0700DNO,158,989,4636
0700DRI,2556,16948,71165
0700EAY,9366,50418,121998
0700EOL,0,0,0
0700E'P,0,0,0
0700ESU,1510,10414,50976
0700ETN,1114,7001,28098
0700ETR,0,0,0
0700EUI,4375,26395,103395
0700FDI,2366,14732,56702
0700FED,1114,6965,33632
0700FJS,9486,58199,149943
0700FMK,234,1116,3480
0700FVM,644,3736,13081
0700GBK,0,0,0
0700GCP,871,5153,15868
0700GEH,1111,7646,54842
0700GGL,0,0,0
0700GMW,1133,7056,28187
0700GNG,1762,11102,44243
0700GPF,0,393,4348
0700GRS,0,0,0
0700GRU,0,0,0
0700/HI,1952,11575,50146
0700HKA,80,549,2187
0700HRW,0,0,0
0700HSN,6506,40573,141060
0700HTA,0,0,0
0700HVE,175,1091,3518
0700HVI,2075,14359,63829
0700HWA,0,0,0
0700IBI,4560,27407,100502
0700IER,5373,28018,99104
0700IOO,836,4844,19037
0700IRI,1485,8943,29595
0700ITO,120,752,3734
0700IUA,120,752,4601
0700JAN,120,752,3008
0700JER,2366,16422,93043
0700JKW,0,0,0
0700JLD,2131,16552,85044
0700JNR,4421,24525,89660
0700JOO,124,754,2725
0700JPS,2440,13434,51095
0700KAC,0,0,0
0700KAK,0,0,0
0700KCQ,2440,15254,53582
0700KDN,158,989,3982
0700KEH,170,1001,3307
0700KEL,158,989,3959
0700KEO,718,6656,26077
0700KEQ,4032,26080,106811
0700KII,6418,38992,128579
0700KIM,1726,12642,58370
0700KMH,2366,14789,56824
0700KMJ,2366,14789,56753
0700KMM,158,989,3688
0700KON,0,0,0
0700KPG,808,4142,11726
0700KPI,158,989,3959
0700KPL,158,989,3959
0700KRA,9598,54995,159052
0700KRR,0,0,0
0700KSS,0,0,0
0700KVE,0,0,0
0700KWK,0,0,0
0700LEA,431,2424,10805
0700LEM,1122,9353,65177
0700LHI,6540,37841,121057
0700MAA,0,0,0
0700MAU,55,363,1733
0700MDA,2239,12711,79704
0700MDR,120,752,3008
0700MHU,1724,11047,46049
0700MKC,0,0,0
0700MMB,2366,13699,83118
0700MNO,0,0,1244
0700MOG,2440,19808,100496
0700MRT,832,4445,17765
0700MSK,6531,39850,141366
0700MTM,856,5360,22882
0700MTO,158,989,3959
0700MUL,4651,27421,98380
0700MUM,858,5388,21592
0700N44,0,0,0
0700NCS,1136,7009,27749
0700NDU,4407,21925,82603
0700NHF,1834,11511,44102
0700NKA,0,0,0
0700NMA,0,0,0
0700NMI,1132,7053,28184
0700NPC,0,0,0
0700NPS,856,5356,25111
0700NUQ,1136,7094,28238
0700NWA,868,5338,20244
0700NYA,158,989,3959
0700NYM,158,989,3959
0700OAA,4931,32360,123740
0700OLM,9401,58537,141371
0700OOH,2433,13098,62994
0700OOR,757,6531,46605
0700OOT,1136,7002,27735
0700ORK,0,0,0
0700ORS,0,0,0
0700OST,0,0,0
0700PBG,4472,30562,119063
0700PCS,0,0,0
0700PTR,0,0,0
0700PWA,640,3906,19857
0700RAC,649,4044,15766
0700RCK,2366,14789,55781
0700RCR,434,2687,9590
0700REL,1111,7472,50697
0700RIR,1113,7162,51913
0700RMN,0,0,0
0700RNG,1733,10995,57109
0700RPR,217,1279,4153
0700RSP,2366,14693,60401
0700RSR,4466,27074,100721
0700SAD,158,989,3591
0700SAN,0,0,0
0700SGR,1741,11021,39583
0700SHW,158,989,3959
0700SJK,1301,6892,24568
0700SJL,4710,26568,95388
0700SMK,1547,9572,41315
0700SPC,493,3232,10257
0700STK,1751,10064,32504
0700STY,2366,13861,66858
0700SUC,2439,13123,69067
0700TBK,1112,8783,40421
0700TDI,0,0,0
0700TED,661,4490,45321
0700TLF,158,989,3959
0700TON,9628,49449,167418
0700TRD,1746,11029,43227
0700TSK,0,0,0
0700UAS,1852,13142,60082
0700UKG,0,0,0
0700ULT,0,0,0
0700UNV,0,0,0
0700URB,955,5981,22708
0700WAG,0,0,0
0700WIJ,433,2748,9719
0700WTA,860,5395,21605
0700ZBA,0,0,0
0700ZEK,0,0,0
0700ZLL,1113,8018,60563
0701ACC,0,0,0
0701ACH,457,3142,10091
0701ACI,0,0,0
0701ADA,1778,11120,59854
0701ADC,5702,34093,143042
0701AEE,0,0,0
0701AHS,0,0,0
0701AIU,158,1018,5269
0701APA,1858,11482,47819
0701ATO,1883,11358,56309
0701AUT,0,0,0
0701BCA,2,192,1243
0701BLC,0,0,322
0701BMK,1651,10440,41176
0701BPP,6221,36602,134689
0701BPS,1997,16081,82669
0701CCL,0,0,0
0701CMD,1787,10922,42835
0701CRS,158,989,3959
0701CWH,0,0,0
0701DAM,1769,11097,59588
0701DBO,158,989,4615
0701DCR,4476,25427,94615
0701DCT,169,1055,3718
0701DFA,1114,6965,33548
0701DNL,0,0,0
0701DUA,1746,12755,58676
0701ELP,0,0,0
0701EMO,2440,15254,54897
0701FGK,1111,7522,50219
0701FGS,0,0,0
0701FIR,2440,20862,83717
0701FJE,9489,58221,150258
0701FRK,161,992,3303
0701GAC,0,0,0
0701GCU,871,5087,16053
0701GDB,1626,11626,52952
0701GDR,158,989,3959
0701GGS,0,0,0
0701GHS,1114,8890,63352
0701GRD,0,0,0
0701GRG,0,0,0
0701GTR,0,0,0
0701ITE,1111,8287,58584
0701ITG,839,4228,11869
0701JBC,126,759,2745
0701JCR,2366,15766,91062
0701KAR,9611,54507,160297
0701KBG,2440,16861,93395
0701KCC,158,989,3640
0701KDF,158,989,3982
0701KFR,158,989,3959
0701KJI,5959,37464,123541
0701KMC,0,0,0
0701KMH,0,0,0
0701KNC,0,0,0
0701KNK,0,0,0
0701KNO,716,6756,25848
0701KNR,0,0,0
0701KON,0,0,0
0701KPC,156,1143,6384
0701KPY,2366,14642,57784
0701KRC,2366,14789,54733
0701KRE,3798,25279,105335
0701LNA,410,2374,10706
0701LRI,1462,7678,26239
0701MGJ,2440,21481,105838
0701MHS,85,609,2338
0701MKA,7737,42999,155952
0701MTS,0,0,0
0701MTW,2249,12674,79218
0701MUT,829,4444,17809
0701N44,0,0,0
0701NDL,158,989,3959
0701NDW,4232,21391,81105
0701NGD,2366,13738,83875
0701NGR,0,0,0
0701NHS,2440,16420,73912
0701NJR,9628,49050,167372
0701NMO,0,0,0
0701NMY,1114,8201,37103
0701NPC,2440,18529,88424
0701NSC,2440,13507,75384
0701NSP,2366,14789,56634
0701NTO,158,989,3959
0701NVI,4392,27015,99615
0701NVV,0,0,0
0701NWT,2440,20330,101716
0701NYH,0,0,0
0701NYI,158,989,3959
0701OEN,0,0,0
0701OLY,9378,57820,137907
0701PAC,1115,8893,63669
0701PBG,4184,27235,110225
0701PCY,0,0,0
0701PKA,2440,13154,68958
0701PMS,0,0,0
0701PPT,158,989,4403
0701PSA,1775,11114,55111
0701PTR,0,0,0
0701PWY,596,3789,20063
0701RCE,599,3925,15340
0701REU,4147,26234,106373
0701RHP,209,1264,4125
0701RNR,0,0,0
0701ROS,2437,13135,63248
0701RSF,3303,18992,75733
0701RSP,2366,14691,60697
0701SAT,2366,14788,69089
0701SBR,2366,14789,56150
0701SDP,571,3392,10570
0701SFY,1836,11124,35469
0701SHK,230,1102,3446
0701SHS,158,989,5120
0701SHT,158,989,3561
0701SJC,4521,26807,96354
0701SJO,2366,14789,51797
0701SMA,10722,65522,150450
0701SMH,1111,7494,50485
0701SMN,0,0,0
0701SMR,1494,9471,40613
0701SSR,9628,51948,164830
0701STP,120,752,30830
0701SWD,1783,11125,37466
0701SYU,0,0,0
0701TAN,1776,11102,43167
0701TAT,0,0,0
0701TGA,2440,23519,94549
0701THR,556,4874,20433
0701TKS,1778,11102,43343
0701TRE,1926,11467,59180
0701TSK,0,0,0
0701TTE,2440,15570,120784
0701TTW,0,0,0
0701UAK,0,0,0
0701UCN,1893,11427,49290
0701UGK,0,0,0
0701UKC,0,0,0
0701UMJ,61,396,1822
0701UTM,0,0,0
0701VNS,0,0,0
0701WGT,465,3480,17248
0701WMA,0,0,0
0701WNK,2440,13225,81681
0701WOO,2440,20189,105863
0701WRG,158,989,3959
0701WTK,860,5395,21604
0701WWU,330,2097,12494
0701YAA,1114,6965,29821
0701ZMB,0,0,0
0702DCS,1275,9537,40287
0702KDC,1325,9635,40252
0703DGT,166,1080,5040
0703EQY,9366,49714,120906
0703KIS,0,0,0
0703MHR,2366,14443,47310
0703UTP,407,2293,13364
071004_,1112,8276,41925
071064A,5298,33555,127023
0710A.A,0,0,0
0710AAY,1114,6965,28892
0710ADC,1737,11018,58842
0710AEA,434,2768,10522
0710AHE,1136,7075,28137
0710AHL,0,0,0
0710AIJ,1128,7040,28160
0710AJA,1132,7055,28193
0710AJI,1128,7041,28163
0710BBT,1755,10994,43543
0710BLL,0,2,577
0710BUM,3,198,1255
0710CAE,757,4735,21920
0710CCT,1733,11103,44780
0710CEI,757,4731,21844
0710CME,1750,11027,44531
0710CNG,158,1022,5255
0710DAC,5308,33145,140863
0710DCD,5275,33407,126118
0710EAY,1113,7234,47026
0710ELK,1392,9795,40847
0710ELS,0,0,0
0710EOE,1125,7011,29363
0710ESW,1392,9641,38201
0710FGP,1111,7511,50476
0710GID,158,989,3959
0710GKI,1535,9862,44322
0710GON,10722,63050,164868
0710GVC,0,0,0
0710GVN,1114,6965,28129
0710GYE,1114,7006,29569
0710HAK,0,0,0
0710HAO,1125,7035,28015
0710IAA,0,0,0
0710IEP,1742,11019,50695
0710IIH,1114,6965,29498
0710IKM,7928,43601,157297
0710IM&,757,4895,22410
0710IMJ,1813,11369,47234
0710INA,1018,6365,25632
0710INP,1136,7104,27985
0710IOS,10482,53945,161698
0710JPS,0,0,0
0710JSS,2440,14832,64601
0710KEM,2440,15199,91602
0710KJS,1112,7507,45256
0710KNA,0,0,0
0710KNS,2440,15160,52442
0710KRD,1727,10993,58957
0710KWA,1114,6974,29588
0710KWN,2366,12952,48218
0710KYJ,6360,38382,124360
0710LHB,1126,7027,28321
0710LIB,1114,7245,51879
0710LIV,1114,6965,29208
0710LNE,1133,6976,27667
0710LNN,592,2848,11517
0710MAU,0,0,0
0710MIH,856,5741,31132
0710MIR,1770,11113,44216
0710MTE,0,0,0
0710MWA,0,0,0
0710MY/,4294,26417,105570
0710NAA,1537,15394,77793
0710NAL,1713,10932,54395
0710NAN,1136,7086,28232
0710NAQ,1809,11225,44895
0710NCU,1136,7089,28273
0710NEA,1114,6965,27989
0710NKT,1695,10574,42024
0710NLA,1114,6965,27989
0710NWA,5980,35449,131318
0710OAE,1753,11057,59429
0710OLS,9382,57965,138446
0710OSV,0,0,0
0710OUK,1136,7086,28229
0710PBW,1131,6969,27656
0710PMP,158,938,3327
0710POD,1759,11075,54872
0710RAC,1734,11010,58936
0710RAR,1136,7074,28131
0710RAV,636,6644,40345
0710RCN,1132,7056,28194
0710RCS,0,739,5636
0710RFO,1648,11307,51069
0710RII,1493,8958,29612
0710RIT,1114,7001,28098
0710RJG,0,0,0
0710RKU,0,0,0
0710RLN,701,5657,36737
0710RLU,10722,64784,157403
0710RNP,1136,7104,27991
0710RUE,1136,7084,28265
0710RUP,1136,7094,28235
0710RYA,120,752,3008
0710SAA,1114,6965,27959
0710SAE,1120,7009,27998
0710SAO,0,0,0
0710SEL,577,3399,10592
0710SGT,1114,6965,37537
0710SH4,8845,50207,151147
0710SHO,158,989,5128
0710SIN,6614,40115,136029
0710SNI,1114,6965,27957
0710STO,1130,7049,28029
0710TAK,8675,44400,141573
0710TAY,1114,12678,82010
0710TLH,1756,11061,59186
0710TNA,1534,10250,42874
0710TOR,2326,16332,72165
0710TOS,10722,56588,167113
0710TRU,864,5097,19660
0710TSS,0,0,0
0710TTL,1772,11080,54686
0710UKT,0,0,0
0710UML,0,0,0
0710UMS,0,0,0
0710VAS,0,0,0
0710VIC,1111,7392,49437
0710WRE,628,3936,17800
0710WSE,1341,10645,69489
0710WWD,158,989,3959
0710YAA,1114,6965,29512
0710ZAR,1761,11075,59452
07113AV,1512,10193,42753
0711AAD,1765,11088,59882
0711ADA,1035,12799,62053
0711AGI,1108,6908,27560
0711AIU,0,0,0
0711ALA,2440,15170,90227
0711ALT,1392,8358,36651
0711AOE,2440,14932,75428
0711AON,1273,6904,24655
0711ARC,1769,11095,59902
0711ARK,7049,38088,133343
0711ASS,0,0,0
0711ATC,1108,6904,27559
0711ATG,1783,11217,52215
0711ATM,2190,15284,71508
0711AUH,858,5390,21596
0711BLB,0,20,672
0711CAB,1060,6631,26023
0711CVL,120,752,29443
0711DKI,1260,9741,44731
0711DRC,0,0,1818
0711EAA,1784,11134,60279
0711EAS,120,752,18598
0711EDE,3301,15285,52704
0711EGN,1544,16638,69517
0711EHR,820,6722,40977
0711EKT,1580,9592,32460
0711EOA,1193,7456,27253
0711EOD,1109,6910,27590
0711ERE,1919,11458,45362
0711ETH,4332,15829,51700
0711GCP,2440,33691,146471
0711GTD,1455,9778,44283
0711HD/,1110,6907,27192
0711HNT,1716,10715,45183
0711HOR,1787,11118,54289
0711HRT,489,2828,10954
0711IEE,4192,22948,69251
0711IGM,1805,12994,59321
0711IHR,806,6724,40950
0711III,4429,28172,111867
0711IMP,1807,11357,47658
0711INI,757,5312,24608
0711(IO,1671,9887,35871
0711IRI,1513,7995,26856
0711ISN,0,0,0
0711IUU,0,0,0
0711IWA,158,989,3959
0711JDO,2152,16572,85415
0711JKR,1790,11212,44733
0711JOG,154,845,3017
0711KEM,2440,15195,89065
0711KNG,2366,13300,49831
0711KNO,0,0,0
0711KNY,0,0,0
0711KRG,0,0,0
0711KRN,158,989,3959
0711LH.,4382,26926,97253
0711LIA,1861,11489,47862
0711LLE,1392,9848,41230
0711LMO,2440,14971,74407
0711LNN,621,3147,11970
0711LRI,1455,8177,27382
0711LSO,4432,28184,111890
0711LTD,1045,6514,38600
0711MAA,1764,11084,59843
0711MAT,856,6729,33572
0711MCP,1831,11297,45119
0711MET,1103,6869,27423
0711MGU,0,0,0
0711MJH,2440,14792,66360
0711MKP,158,989,3959
0711MLK,6302,38937,139769
0711MOS,3142,19858,73410
0711MTE,856,5907,31608
0711MTI,158,989,3959
0711MTL,1776,11113,59754
0711MUI,857,5046,19537
0711MUM,1036,7358,37793
0711MUR,0,0,0
0711MUT,856,5359,23399
0711MWE,856,5355,25368
0711NAT,1870,11299,45047
0711NEW,2440,18769,128180
0711NGI,0,0,0
0711NJG,0,0,0
0711NKJ,1751,10758,42450
0711NKP,1801,11153,57252
0711NOB,1271,6621,23889
0711NOI,0,2,1770
0711NRW,868,5398,20548
0711NTR,0,0,0
0711NUA,1106,6844,26321
0711OLI,9366,54120,128564
0711OON,830,5778,26393
0711ORI,1109,6892,27436
0711OTP,1781,11212,52222
0711PFE,0,0,0
0711PST,1777,11174,52954
0711PTE,4841,32117,123421
0711QUM,1188,7542,29954
0711RCA,1107,6880,27443
0711REO,1450,11292,51296
0711RSS,871,5234,15583
0711SEK,1409,9680,43993
0711SEN,1111,8591,61078
0711SGO,6340,39490,135663
0711SOA,0,0,0
0711SUN,2440,15254,83973
0711SUR,120,752,4343
0711TER,576,3419,10603
0711TLE,2440,15037,73886
0711TTE,1872,11544,45614
0711UCN,1893,11416,49934
0711UDO,1193,7282,26884
0711UEM,1096,6798,27103
0711UIS,2185,15219,71362
0711UKS,0,0,0
0711UMA,4261,15715,51454
0711UNV,0,0,0
0711'UO,1686,9967,37065
0711UUA,765,5576,21940
0711VWO,1111,7403,49278
0711WAK,1511,9493,34327
0711WAS,1106,6902,27545
0711WDC,158,989,3959
0711`WI,764,5575,21936
0711WOA,837,4810,18947
0711WRA,4155,21934,82461
0711WST,1460,11872,72288
0711YQS,3961,26040,107297
0712KNH,1765,11179,45006
0712KNT,1823,11369,45348
0712KRY,158,989,3959
0712KTR,158,989,3959
0712NGG,0,0,0
0713AYN,5969,30277,96106
0713DMM,172,1075,5796
0713KKY,0,0,0
0713KNS,2440,15165,52554
0713NBT,0,0,0
0713NGM,2440,35397,147271
0713WNG,0,0,0
08007IV,0,94,4870
080085_,1136,7105,28418
0800AAD,1067,6672,26219
0800AAN,1222,6936,26305
0800ACB,0,0,0
0800ACC,0,0,0
0800ACH,0,0,2937
0800AES,1136,7084,28274
0800AGP,1094,6843,27368
0800AIO,1114,6965,28262
0800AMA,0,0,0
0800AOO,1422,9246,34828
0800APA,1136,7105,28398
0800APD,1099,6814,26292
0800APH,451,3601,15031
0800ARM,1114,6965,27892
0800ARO,910,5628,20923
0800'AS,1099,6812,26272
0800ASG,0,0,0
0800BAC,1073,6665,26068
0800BAE,910,5573,19635
0800BAM,1119,6987,27164
0800BEC,1136,7103,28061
0800BKM,0,0,0
0800BYS,625,4033,16023
0800CCK,1009,13148,63864
0800CFL,1136,7074,27871
0800CHO,1123,6943,27597
0800CHR,1106,6903,27554
0800CIG,1095,6874,27526
0800CKH,0,0,0
0800COS,1114,6965,34525
0800COT,1114,7373,38542
0800DER,1136,7105,28293
0800DIM,886,4739,20585
0800DPT,1114,7004,28104
0800EAI,1096,6872,27499
0800EDS,1094,6868,27500
0800EIG,0,0,0
0800ELM,1114,6965,27917
0800EML,1136,7105,28408
0800ERE,1096,6878,27520
0800ETN,2266,12426,49293
0800EWA,0,0,0
0800GAT,0,0,0
0800GIT,0,0,0
0800GKS,910,5176,17788
0800GMG,1067,6660,24434
0800GPR,1092,6839,27360
0800GRP,1136,7099,28349
0800GSK,910,4871,16118
0800HEK,1096,6863,27428
0800HES,3220,20072,70199
0800HOS,913,5725,23140
0800HTA,0,0,0
0800IAS,0,0,0
0800IGB,0,0,0
0800IGL,1114,6965,27910
0800IML,1136,7105,28138
0800IMP,1067,6672,26878
0800ISK,538,3983,16957
0800JCR,1136,7102,28258
0800JGG,1114,6965,38683
0800JJ.,1120,7051,28275
0800KAH,0,0,0
0800KAS,0,754,5939
0800KBA,0,0,0
0800KBB,1098,6781,26144
0800KBL,1067,6664,26059
0800KBY,0,0,82
0800KGT,3068,14670,51880
0800KHC,0,0,0
0800KIN,0,0,1093
0800KIR,447,3528,15803
0800KKC,0,0,530
0800KKI,1136,7089,28276
0800KLH,1067,6712,27369
0800KMC,0,0,0
0800KMD,0,0,0
0800KMR,0,0,0
0800KNE,910,5164,14333
0800KNG,1136,7088,28236
0800KNN,0,800,9419
0800KNO,0,0,0
0800KRA,1013,6416,40115
0800KRN,1136,7105,28341
0800KSP,910,5689,20990
0800LAA,910,5616,19913
0800LKM,0,0,1251
0800LMI,1134,6987,27736
0800LNN,1114,6965,27989
0800LRS,1136,6869,26747
0800LUN,1067,6674,27040
0800LVI,910,5689,22462
0800LVW,910,5689,22722
0800LWE,910,5689,22891
0800MAG,525,3743,16097
0800MAY,1067,6672,26929
0800MGJ,1136,7103,28319
0800MMS,0,502,6787
0800MPS,1067,6672,26975
0800MRI,1135,7073,28164
0800MTG,0,0,0
0800MUI,1135,7072,28158
0800MUN,1136,7105,28372
0800MUS,1081,6786,27058
0800MWG,1136,7084,28219
0800MWM,61,2237,12372
0800N'A,0,0,0
0800NDJ,532,3127,16615
0800NGR,1137,6464,25492
0800NJG,1100,6817,26418
0800NKE,750,3843,15261
0800NMA,1135,7073,28166
0800NTD,1136,7105,28409
0800OAG,1097,6878,27530
0800ODO,2866,18801,71166
0800OG/,0,0,0
0800OID,1098,6883,27531
0800OKC,1136,7105,28371
0800OMO,2344,17808,70606
0800OOK,1495,9435,35203
0800ORI,1136,7081,28306
0800ORS,1134,7043,28025
0800OSO,2706,18436,70801
0800PBB,1136,7099,28009
0800PEP,910,5689,22759
0800PLP,1136,7103,28298
0800PMN,1136,7104,27989
0800PPN,1067,6689,26907
0800PPT,1067,6672,27052
0800PSC,1067,6780,27370
0800QPK,1136,7092,28240
0800RAH,3418,20057,58121
0800RAZ,0,0,3192
0800REG,0,0,0
0800RER,991,6015,24118
0800RGR,0,0,0
0800RHC,1096,6864,27429
0800RLN,1136,7105,28404
0800RRD,1114,7886,40197
0800SAC,0,0,2882
0800SAP,910,5689,22759
0800SFA,683,4241,16551
0800SHK,1240,7049,26809
0800SNN,1114,6965,27960
0800SRT,1067,6707,27085
0800STC,629,3940,15760
0800STR,1114,6970,28213
0800STT,1114,6965,28225
0800STY,1121,7020,28241
0800SWZ,0,0,0
0800TAC,451,3177,14078
0800TAS,1136,7089,27931
0800TCB,0,0,0
0800TGR,699,4335,17833
0800TIU,425,2989,17413
0800TOT,0,0,0
0800TRR,1136,7105,28415
0800TTM,1067,6672,26860
0800UAK,0,0,0
0800UNK,0,0,0
0800URI,0,0,0
0800UTH,0,1495,13149
0800UWI,0,0,0
0800VRJ,1127,7039,28159
0800WAR,0,0,0
0800WDC,1099,6880,27188
0800WHC,0,0,0
0800WHS,1067,6543,22653
0800WPB,1134,6979,27673
0800WST,1067,6710,27114
0800YAE,0,0,0
0800YSB,910,5706,23020
0800YUE,1067,6893,27307
0800YYA,1114,6965,28702
080185_,1136,7105,28419
0801AAL,0,0,0
0801ABE,1103,6776,26159
0801ACI,1114,6965,34338
0801ACR,1102,6483,25624
0801AEG,0,0,0
0801AEH,0,0,0
0801AFL,1033,8978,50076
0801AGM,0,1332,10567
0801AKA,0,0,0
0801AOA,1067,6681,26826
0801APH,468,3681,15264
0801ATI,1553,8845,27226
0801AUT,0,0,0
0801AWM,0,0,0
0801AYA,0,0,0
0801BCM,0,631,7513
0801BER,1136,7103,28068
0801BIL,1067,6678,27335
0801BKL,1067,6719,27377
0801BME,0,0,0
0801BPA,1136,7104,28299
0801BRD,1067,6672,26519
0801BRK,1110,6914,27596
0801BYS,652,4107,16199
0801C8J,326,1744,8532
0801CFY,1136,7070,27861
0801CHR,1108,6907,27560
0801CNG,0,0,0
0801COV,1114,7355,38447
0801CPS,1136,7103,28271
0801CUS,1608,9735,35905
0801DCR,1136,7105,28334
0801DEL,1036,6480,37924
0801DEP,482,2876,10792
0801DMN,0,0,0
0801DOS,0,0,0
0801DPR,1115,7006,28108
0801DRU,1067,6889,27309
0801ECK,502,2928,10884
0801EIV,1136,7105,28417
0801ELW,1067,6562,22631
0801FLF,552,3139,16039
0801GAC,0,825,6087
0801GCC,166,1336,7929
0801GIN,66,2273,15781
0801GMN,1067,6663,24503
0801GMU,0,0,0
0801GNN,0,0,0
0801GNW,1135,7073,28205
0801HAI,0,0,0
0801HAU,910,5689,22778
0801HBE,910,4391,11208
0801HIR,1117,6928,27580
0801HVW,910,5689,22816
0801IAO,1114,6967,28208
0801IEB,0,0,0
0801IF',0,0,0
0801IKR,1240,7163,26790
0801ILA,886,5834,22425
0801IMA,1240,7174,26566
0801IMP,1136,7105,28149
0801IOR,1136,7082,28311
0801IRA,1067,6698,26991
0801IUI,0,0,0
0801JCA,1136,7102,28258
0801JDU,0,0,0
0801JGG,1114,6965,37634
0801JGJ,1061,6634,26032
0801JNA,1136,7105,28398
0801KAC,1136,7092,28285
0801KAH,0,0,0
0801KAM,0,0,0
0801KAN,1136,7102,28293
0801KBI,1538,9510,30217
0801KBP,995,8043,27648
0801KBT,910,5689,21021
0801KBU,0,0,710
0801KGD,1136,7083,28228
0801KGH,0,69,2854
0801KHC,0,0,0
0801KIG,0,0,0
0801KIL,1136,7104,28280
0801KMP,0,0,0
0801KNG,1136,7088,28237
0801KNN,0,881,9555
0801KPR,1136,7105,28276
0801KRH,0,0,0
0801KRW,910,5634,20965
0801LIO,1104,6884,27476
0801LKM,0,0,1370
0801LKN,1133,7053,28176
0801LNI,1132,7052,28178
0801LNN,1114,6965,27983
0801LOT,1104,6893,27548
0801LVW,910,5689,22709
0801MAB,1136,7105,28410
0801MBM,0,0,0
0801MBR,0,0,0
0801MBT,0,0,0
0801MGI,1135,7061,27975
0801MNI,1135,7074,28167
0801MOS,0,0,0
0801MPS,1067,6672,26931
0801MSO,1136,6873,26759
0801MUC,0,0,0
0801MUG,1135,7071,28153
0801MUM,0,0,0
0801MVT,2380,12734,49855
0801MWG,1136,7085,28221
0801MWK,1136,7088,28269
0801NAB,1136,7097,28006
0801NAE,1136,7105,28124
0801NAG,726,4432,18134
0801NAL,910,5689,20949
0801NEE,1477,16436,69354
0801NEI,1136,7105,28373
0801NGD,0,0,2811
0801NIG,1136,7105,28241
0801NRS,0,0,0
0801NSH,1031,6408,25755
0801NTM,1431,9217,32448
0801OAH,0,0,0
0801OAM,0,0,0
0801OCF,1136,7105,28200
0801ODN,0,0,0
0801OII,0,0,0
0801OKI,1067,6677,27332
0801OLK,1136,7105,28366
0801OLO,1104,6893,27547
0801OMH,0,159,5766
0801OSA,910,5689,22826
0801PBN,1136,7097,28006
0801PKK,1067,6677,27054
0801PKN,3970,22282,71907
0801PMB,1136,7104,27981
0801PPC,1130,7054,28137
0801PPI,1067,6681,26822
0801PPN,1067,6688,26893
0801PSC,1067,6793,27369
0801PSE,910,5689,22759
0801PST,910,5549,19547
0801RGN,0,0,0
0801RHY,414,2731,8831
0801RIO,0,0,0
0801RLN,1136,7105,28406
0801RPD,1136,7096,28346
0801RQE,1136,7105,28417
0801RRN,0,0,0
0801RTI,0,0,0
0801SAF,1105,6896,27268
0801SDM,2903,19222,72489
0801SEP,910,4933,16403
0801SGS,3675,17641,55115
0801SHC,478,2831,10771
0801SNT,1118,7012,28256
0801SPA,3613,21030,71442
0801SRT,1067,6696,26981
0801STC,646,3985,15937
0801STM,1100,6867,27423
0801STU,1114,6965,28166
0801SVP,989,6073,24270
0801TGR,711,4347,17794
0801TI/,1125,7062,28285
0801TIE,0,0,0
0801TIG,0,0,0
0801TOT,1067,6649,25988
0801UEN,250,1888,12580
0801UIT,1629,9845,37563
0801UON,910,5169,16498
0801VHW,910,5689,22881
0801WAC,910,5617,19922
0801WAL,0,0,0
0801WID,0,0,0
0801WPB,1131,6970,27655
0801YGN,1136,7091,28337
0801YYA,1114,6965,28617
0801ZEN,910,5689,22759
0803GAT,0,0,0
0803LAV,1114,6965,28068
0803MDM,1134,7055,28054
0803NDT,776,3446,14219
0803OYA,1135,7045,28026
0810ACC,0,0,0
0810AIE,1130,6964,27641
0810AII,0,1631,13787
0810ARB,1136,7078,28129
0810ARK,1001,6394,36996
0810ARM,0,0,0
0810BDI,1098,6882,27528
0810BEL,0,0,0
0810CL',1097,6864,27430
0810CNG,0,0,0
0810COP,428,2705,10514
0810CRO,1013,8379,49625
0810CYH,1124,6946,27600
0810EDU,1096,6874,27502
0810EGT,0,693,6608
0810EIV,910,5689,22888
0810EOR,1012,6420,37733
0810EUE,1094,6869,27494
0810FTD,1103,6893,27521
0810GCR,0,0,0
0810GIC,0,0,0
0810GIT,0,0,0
0810GOA,1095,6874,27527
0810GWI,1132,7054,28184
0810'HI,1470,9405,36046
0810HON,1133,7067,28194
0810IA-,0,1882,14546
0810ICK,1136,7105,28200
0810IKA,0,0,0
0810INL,1097,6880,27535
0810INO,764,5395,24776
0810IOA,0,0,23
0810IRT,0,0,0
0810JUN,0,0,0
0810KAM,0,0,0
0810KAR,1030,6554,25869
0810KBA,0,0,0
0810KBB,0,0,0
0810KBT,910,7119,25422
0810/KI,1012,10714,57444
0810KIN,0,129,4986
0810KMI,3184,20736,63514
0810KPL,0,0,0
0810KPR,1136,7099,28306
0810KRC,910,4376,11131
0810LIO,1095,6872,27481
0810LLA,989,6030,24168
0810LOR,980,6191,24535
0810MAE,710,4398,18082
0810MCP,773,5433,24807
0810MOH,1096,6877,27530
0810MOI,1095,6874,27526
0810MRE,3194,20761,63450
0810MRG,42,2083,15251
0810MSM,1204,7015,27001
0810MTG,0,0,0
0810MUG,0,0,0
0810MUR,1135,7063,27980
0810NAS,910,5689,20974
0810NCO,1114,6968,28217
0810NDG,0,0,0
0810NIQ,1096,6874,27502
0810NMI,3113,20470,60040
0810NNN,1466,9518,41197
0810NPN,764,5393,24774
0810NQU,1096,6874,27502
0810NSH,1010,6358,25680
0810NUE,1041,6451,24932
0810OII,1096,6878,27530
0810OMH,0,145,5695
0810OPT,1164,8531,30234
0810ORA,910,5689,22820
0810OSA,1095,6871,27479
0810PET,511,3062,16245
0810RGA,3682,21751,70598
0810RIR,0,0,0
0810RL.,1097,6863,27424
0810R/O,910,5707,23020
0810ROA,1114,6969,28180
0810ROO,1097,6878,27530
0810RUG,0,0,0
0810SAI,1096,6858,27406
0810SGB,3135,19603,57667
0810SIG,0,0,0
0810SIT,0,0,0
0810SMO,2463,18066,70863
0810SOE,1124,7061,28282
0810SRA,1096,6873,27500
0810SVB,1067,6672,26448
0810SVI,946,5248,20368
0810SYY,1133,7059,28203
0810TNA,0,0,0
0810TNG,1460,9472,39008
0810UAS,1067,6676,26769
0810UJN,1099,6812,26256
0810UON,910,5148,16430
0810UTH,163,1644,12219
0810VIU,796,5515,24811
0810VWO,2702,13593,50658
0810WIA,0,0,0
0810WJM,155,1295,7727
0810WKU,1018,6435,36773
0810WOA,0,325,6060
0810WPS,1095,6868,27447
0810WRA,0,0,0
0810WST,1098,6882,27502
0810ZAB,0,0,0
0810ZEN,910,5689,22759
0811AAC,1103,6892,27536
0811AAK,0,0,0
0811AAP,0,0,0
0811ABC,1104,6830,26277
0811ABI,0,0,0
0811AEU,0,0,0
0811AFT,1105,6898,27536
0811AGA,1108,6873,26868
0811AKK,0,0,0
0811/AM,2229,12335,49243
0811ANG,1240,7325,26078
0811APN,0,0,0
0811ARK,1014,6425,36918
0811ASR,0,0,0
0811AT.,1101,6873,27445
0811AUM,1067,5673,20266
0811CAR,1095,6873,27526
0811CNG,0,0,0
0811CRU,1088,6706,26186
0811CSA,0,0,0
0811CSL,1136,7012,27765
0811DAC,1103,6894,27523
0811DHE,0,0,0
0811ECA,1106,6899,27543
0811ECK,0,0,0
0811EIS,0,0,0
0811ELH,492,2866,10803
0811ENR,0,0,0
0811EOK,1502,9452,35220
0811ETT,0,562,6310
0811EYH,911,5721,23115
0811/FC,1101,6889,27513
0811FLA,1108,6906,27555
0811GCN,0,0,0
0811GGN,1041,6471,25015
0811GIT,0,0,0
0811IAA,0,0,0
0811IEC,1105,6896,27544
0811IHG,1667,10640,45122
0811IHR,275,1954,12439
0811IKA,0,0,0
0811IKM,0,0,0
0811INI,1133,7054,28185
0811IRS,0,0,0
0811ISA,1067,6717,27119
0811ISE,726,3820,15258
0811ISK,512,4100,17252
0811ITE,0,0,0
0811JMK,0,0,946
0811JOR,0,0,0
0811KAM,0,0,0
0811KAR,1028,6537,25957
0811KBP,910,7141,25173
0811KIM,700,4354,17031
0811KIN,0,86,3031
0811KND,1031,12964,62623
0811KNM,3627,21779,67851
0811KNR,3838,22164,65279
0811KRH,0,319,6119
0811KSA,910,5228,17819
0811LAA,1067,6672,26871
0811LSE,0,0,0
0811MAA,0,0,3264
0811MAY,1067,6672,26998
0811MBR,0,0,0
0811MGN,547,3780,16216
0811MKE,0,0,0
0811MRA,0,0,0
0811MUG,0,0,0
0811MUM,1154,6866,27003
0811MUS,1108,6875,27382
0811MWM,86,2380,12647
0811NAA,0,0,0
0811NIN,0,0,0
0811NNS,1543,9500,32140
0811OKL,1103,6879,27456
0811OKO,0,100,3111
0811ONT,0,0,0
0811OTD,1630,10577,45047
0811PAE,910,5210,14421
0811PAO,1448,9477,41464
0811PBG,1136,7094,28043
0811P/N,1104,6880,27458
0811POA,3575,20635,71683
0811PPO,1067,6672,27084
0811RAM,1114,7772,39765
0811RDH,2984,18386,55789
0811RKH,1136,7104,28272
0811RMI,1114,6983,28125
0811RNG,0,0,0
0811RNR,0,0,0
0811RUG,962,6187,24618
0811SAB,1134,7065,28200
0811SAV,1114,6965,27895
0811SIG,0,0,0
0811SKO,1557,9553,34123
0811SLT,953,5944,25293
0811SNU,2535,26493,103367
0811'SO,1103,6878,27454
0811SRI,1136,7105,28294
0811SSS,0,746,5089
0811STR,1114,6967,28192
0811SUU,1225,7011,26944
0811SVI,957,5294,20479
0811SVL,1000,6342,24793
0811SYJ,1132,7058,28201
0811TAM,1114,6965,28211
0811TGI,0,0,0
0811TIP,1092,6839,27359
0811TKD,0,0,0
0811TLR,1136,7105,28411
0811TMS,1114,6969,28215
0811TSI,160,1636,12208
0811UER,0,0,0
0811UEU,0,0,0
0811UGC,0,0,0
0811UHG,0,0,0
0811UUI,142,1811,13319
0811WAG,0,0,0
0811WIM,1131,7052,28184
0811ZOP,0,0,0
0812GRT,1240,7741,26425
0812KAK,848,9503,55559
0812WST,1102,6866,27419
0813KGT,4835,24200,72797
0813KKS,0,0,0
0813LMT,0,0,0
0813WSA,1067,6729,27167
1050COM,1114,8070,36842
081178_,14,880,7035
