Sub-County,Ward,df2_ward,match_type,"Est. Median Household Expenditure (KSh/month, 2025 adj.)",Poverty Rate (%),Income Class,Notes/Key Proxy Source
Dagoretti North,Kangemi,Kangemi Ward,exact,20017,69,Low,KNBS 2024 / KIHBS 2021 (2025 adj.)
Dagoretti North,Kawangware,Kawangware Ward,exact,90851,3,High,KNBS 2024 / KIHBS 2021 (2025 adj.)
Dagoretti North,Kitsuru,Kitisuru Ward,fuzzy,37546,13,Middle,KNBS 2024 / KIHBS 2021 (2025 adj.)
Dagoretti North,Mountain View,Mountain View Ward,exact,94524,7,High,KNBS 2024 / KIHBS 2021 (2025 adj.)
Dagoretti North,Uthiru,,unmatched,13625,43,Low,KNBS 2024 / KIHBS 2021 (2025 adj.)
Dagoretti South,Jamhuri,,unmatched,56052,24,Middle,KNBS 2024 / KIHBS 2021 (2025 adj.)
Dagoretti South,Mukuru Kwa Njenga,,unmatched,10033,69,Low,KNBS 2024 / KIHBS 2021 (2025 adj.)
Dagoretti South,Riruta,Riruta Ward,exact,35884,20,Middle,KNBS 2024 / KIHBS 2021 (2025 adj.)
Dagoretti South,Waithaka,Waithaka Ward,exact,50536,29,Middle,KNBS 2024 / KIHBS 2021 (2025 adj.)
Embakasi Central,Kayole South,Kayole South Ward,exact,9583,76,Low,KNBS 2024 / KIHBS 2021 (2025 adj.)
Embakasi Central,Kwa Reuben,Kwa Reuben Ward,exact,23307,65,Low,KNBS 2024 / KIHBS 2021 (2025 adj.)
Embakasi Central,Mihango,Mihango Ward,exact,13764,54,Low,KNBS 2024 / KIHBS 2021 (2025 adj.)
Embakasi Central,Njiru,Njiru Ward,exact,50408,37,Middle,KNBS 2024 / KIHBS 2021 (2025 adj.)
Embakasi Central,Utawala,Utawala Ward,exact,23080,71,Low,KNBS 2024 / KIHBS 2021 (2025 adj.)
Embakasi East,Buruburu,,unmatched,18915,43,Low,KNBS 2024 / KIHBS 2021 (2025 adj.)
Embakasi East,Embakasi Village,,unmatched,10748,76,Low,KNBS 2024 / KIHBS 2021 (2025 adj.)
Embakasi East,Kariobangi North,Kariobangi North Ward,exact,18309,40,Low,KNBS 2024 / KIHBS 2021 (2025 adj.)
Embakasi East,Kariobangi South,Kariobangi South Ward,exact,28552,30,Middle,KNBS 2024 / KIHBS 2021 (2025 adj.)
Embakasi East,Kayole East,,unmatched,25177,15,Middle,KNBS 2024 / KIHBS 2021 (2025 adj.)
Embakasi East,Umoja,Umoja I Ward,fuzzy,81949,8,High,KNBS 2024 / KIHBS 2021 (2025 adj.)
Embakasi North,Dandora A,,unmatched,13798,45,Low,KNBS 2024 / KIHBS 2021 (2025 adj.)
Embakasi North,Dandora B,,unmatched,57364,36,Middle,KNBS 2024 / KIHBS 2021 (2025 adj.)
Embakasi North,Kayole Central,Kayole Central Ward,exact,34028,30,Middle,KNBS 2024 / KIHBS 2021 (2025 adj.)
Embakasi North,Komarock,Komarock Ward,exact,53603,27,Middle,KNBS 2024 / KIHBS 2021 (2025 adj.)
Embakasi North,Matopeni,,unmatched,43538,17,Middle,KNBS 2024 / KIHBS 2021 (2025 adj.)
Embakasi South,Embakasi,Embakasi Ward,exact,16706,49,Low,KNBS 2024 / KIHBS 2021 (2025 adj.)
Embakasi South,Imara Daima,Imara Daima Ward,exact,47581,15,Middle,KNBS 2024 / KIHBS 2021 (2025 adj.)
Embakasi South,Kwa Njenga,Kwa Njenga Ward,exact,49183,22,Middle,KNBS 2024 / KIHBS 2021 (2025 adj.)
Embakasi South,Mukuru,,unmatched,57786,14,Middle,KNBS 2024 / KIHBS 2021 (2025 adj.)
Embakasi West,Donholm,,unmatched,47819,17,Middle,KNBS 2024 / KIHBS 2021 (2025 adj.)
Embakasi West,Kwa Njiraini,,unmatched,49926,17,Middle,KNBS 2024 / KIHBS 2021 (2025 adj.)
Embakasi West,Makadara,,unmatched,73016,8,High,KNBS 2024 / KIHBS 2021 (2025 adj.)
Embakasi West,Mariguini,,unmatched,47737,35,Middle,KNBS 2024 / KIHBS 2021 (2025 adj.)
Embakasi West,Umoja 2,Umoja I Ward,fuzzy,19179,63,Low,KNBS 2024 / KIHBS 2021 (2025 adj.)
Kamukunji,Airbase,Airbase Ward,exact,42404,19,Middle,KNBS 2024 / KIHBS 2021 (2025 adj.)
Kamukunji,California,California Ward,exact,34969,11,Middle,KNBS 2024 / KIHBS 2021 (2025 adj.)
Kamukunji,Eastleigh North,Eastleigh North Ward,exact,84383,6,High,KNBS 2024 / KIHBS 2021 (2025 adj.)
Kamukunji,Eastleigh South,Eastleigh South Ward,exact,8875,51,Low,KNBS 2024 / KIHBS 2021 (2025 adj.)
Kamukunji,Pumwani,Pumwani Ward,exact,96331,4,High,KNBS 2024 / KIHBS 2021 (2025 adj.)
Kasarani,Clay City,Clay City,exact,36130,13,Middle,KNBS 2024 / KIHBS 2021 (2025 adj.)
Kasarani,Githurai,Githurai Ward,exact,32978,23,Middle,KNBS 2024 / KIHBS 2021 (2025 adj.)
Kasarani,Jordan,,unmatched,21906,74,Low,KNBS 2024 / KIHBS 2021 (2025 adj.)
Kasarani,Kasarani Central,,unmatched,25243,25,Middle,KNBS 2024 / KIHBS 2021 (2025 adj.)
Kasarani,Mihango,Mihango Ward,exact,15096,49,Low,KNBS 2024 / KIHBS 2021 (2025 adj.)
Kasarani,Ruiru,,unmatched,64795,5,High,KNBS 2024 / KIHBS 2021 (2025 adj.)
Kibra,Gatwikira,,unmatched,36002,25,Middle,KNBS 2024 / KIHBS 2021 (2025 adj.)
Kibra,Kibra,,unmatched,96303,4,High,KNBS 2024 / KIHBS 2021 (2025 adj.)
Kibra,Laini Saba,Laini Saba Ward,exact,39363,33,Middle,KNBS 2024 / KIHBS 2021 (2025 adj.)
Kibra,Makina,Makina Ward,exact,33008,12,Middle,KNBS 2024 / KIHBS 2021 (2025 adj.)
Kibra,Sarangombe,Sarang'ombe Ward,exact,35141,15,Middle,KNBS 2024 / KIHBS 2021 (2025 adj.)
Langata,Karen,Karen Ward,exact,20933,62,Low,KNBS 2024 / KIHBS 2021 (2025 adj.)
Langata,Langata,,unmatched,51984,25,Middle,KNBS 2024 / KIHBS 2021 (2025 adj.)
Langata,Nairobi West,Nairobi West Ward,exact,43296,23,Middle,KNBS 2024 / KIHBS 2021 (2025 adj.)
Langata,South B,South C Ward,fuzzy,26100,29,Middle,KNBS 2024 / KIHBS 2021 (2025 adj.)
Langata,South C,South C Ward,exact,8432,44,Low,KNBS 2024 / KIHBS 2021 (2025 adj.)
Makadara,Akamba,,unmatched,9535,73,Low,KNBS 2024 / KIHBS 2021 (2025 adj.)
Makadara,Harambee,Harambee Ward,exact,13453,47,Low,KNBS 2024 / KIHBS 2021 (2025 adj.)
Makadara,Maruba,,unmatched,26427,28,Middle,KNBS 2024 / KIHBS 2021 (2025 adj.)
Makadara,Mwiki,Mwiki Ward,exact,48715,10,Middle,KNBS 2024 / KIHBS 2021 (2025 adj.)
Mathare,Huruma,Huruma Ward,exact,9592,55,Low,KNBS 2024 / KIHBS 2021 (2025 adj.)
Mathare,Kiamaiko,Kiamaiko Ward,exact,34282,17,Middle,KNBS 2024 / KIHBS 2021 (2025 adj.)
Mathare,Mathare A,,unmatched,24541,56,Low,KNBS 2024 / KIHBS 2021 (2025 adj.)
Mathare,Mathare B,,unmatched,23165,65,Low,KNBS 2024 / KIHBS 2021 (2025 adj.)
Mathare,Mlango Kubwa,Mlango Kubwa,exact,91792,6,High,KNBS 2024 / KIHBS 2021 (2025 adj.)
Mathare,Ngei,Ngei Ward,exact,45192,25,Middle,KNBS 2024 / KIHBS 2021 (2025 adj.)
Roysambu,Kahawa Soweto,Kahawa West,fuzzy,97188,8,High,KNBS 2024 / KIHBS 2021 (2025 adj.)
Roysambu,Kahawa West,Kahawa West,exact,18768,75,Low,KNBS 2024 / KIHBS 2021 (2025 adj.)
Roysambu,Kasarani,Kasarani Ward,exact,92147,3,High,KNBS 2024 / KIHBS 2021 (2025 adj.)
Roysambu,Mwiki,Mwiki Ward,exact,56240,26,Middle,KNBS 2024 / KIHBS 2021 (2025 adj.)
Roysambu,Roysambu,Roysambu Ward,exact,53260,37,Middle,KNBS 2024 / KIHBS 2021 (2025 adj.)
Ruaraka,Baba Dogo,Babandogo,fuzzy,24029,53,Low,KNBS 2024 / KIHBS 2021 (2025 adj.)
Ruaraka,Korogocho,Korogocho Ward,exact,16819,68,Low,KNBS 2024 / KIHBS 2021 (2025 adj.)
Ruaraka,Mathare Valley,,unmatched,37727,39,Middle,KNBS 2024 / KIHBS 2021 (2025 adj.)
Ruaraka,Utalii,Utalii Ward,exact,24362,50,Low,KNBS 2024 / KIHBS 2021 (2025 adj.)
Starehe,Central,,unmatched,30071,25,Middle,KNBS 2024 / KIHBS 2021 (2025 adj.)
Starehe,Kenyatta,,unmatched,59498,17,Middle,KNBS 2024 / KIHBS 2021 (2025 adj.)
Starehe,Makadara,,unmatched,86885,8,High,KNBS 2024 / KIHBS 2021 (2025 adj.)
Starehe,Maringo,,unmatched,12040,69,Low,KNBS 2024 / KIHBS 2021 (2025 adj.)
Starehe,Muthurwa,,unmatched,74711,7,High,KNBS 2024 / KIHBS 2021 (2025 adj.)
Starehe,Ngara,Ngara Ward Ward,exact,47174,26,Middle,KNBS 2024 / KIHBS 2021 (2025 adj.)
Westlands,Highridge,,unmatched,9267,79,Low,KNBS 2024 / KIHBS 2021 (2025 adj.)
Westlands,Karura,Karura Ward,exact,60221,9,High,KNBS 2024 / KIHBS 2021 (2025 adj.)
Westlands,Kilimani,Kilimani Ward,exact,52029,16,Middle,KNBS 2024 / KIHBS 2021 (2025 adj.)
Westlands,Kitisuru,Kitisuru Ward,exact,12776,62,Low,KNBS 2024 / KIHBS 2021 (2025 adj.)
Westlands,Parklands/Westlands,,unmatched,65637,8,High,KNBS 2024 / KIHBS 2021 (2025 adj.)