route_id,variant_id,new_stops,new_stop_coords,quality_scores,pop_served,equity_score,coverage_score,temporal_equity_score,performance_score,speed_score,congestion_score,demand_match_score,equity_multiplier,final_score,total_pop_served
30603373812,30603373812_C,"['CANDIDATE_Dandora Area Iii Ward_38', 'CANDIDATE_Dandora Area Iii Ward_37', 'CANDIDATE_Dandora Area Iii Ward_42']","[(-1.2536605, 36.9157992), (-1.2531448, 36.915244), (-1.2605232207123058, 36.89843487677997)]","[0.87907135, 0.8774719, 0.8411123]","[46391, 46391, 46391]",0.75,0.92782,0.5755551830474945,0.42988319567513544,0.35387282842313095,0.5438987465531422,0.23017816423200504,1.5,0.7569111595317015,139173
20000004513,20000004513_C,"['CANDIDATE_Githurai Ward_5', 'CANDIDATE_Githurai Ward_14', 'CANDIDATE_Githurai Ward_49']","[(-1.2129978168828104, 36.92816453371908), (-1.2122467, 36.9285642), (-1.2067285, 36.929844)]","[0.36318782, 0.33189642, 0.30327597]","[26581, 26581, 26581]",1.0,0.53162,0.8628963782225113,0.520322673775923,0.4177611229248046,0.6741650000526007,0.0251,2.0,0.7425256293108125,79743
80500010511,80500010511_C,"['CANDIDATE_Kangemi Ward_43', 'CANDIDATE_Kangemi Ward_8', 'CANDIDATE_Kangemi Ward_0']","[(-1.2689747, 36.7377301), (-1.2688528, 36.738361), (-1.2680161, 36.7376335)]","[0.78086865, 0.7700972, 0.7550032]","[37061, 37061, 37061]",0.75,0.74122,0.7094067965224621,0.32388246868298354,0.2927247593073652,0.37061903274641117,0.24796183378051606,1.5,0.6878714679342897,111183
40601003611,40601003611_C,"['CANDIDATE_Dandora Area Iii Ward_23', 'CANDIDATE_Dandora Area Iii Ward_17', 'CANDIDATE_Airbase Ward_23']","[(-1.2428687, 36.9056163), (-1.2416983, 36.9096661), (-1.2725175, 36.874177)]","[0.8931698, 0.8796468, 0.8792974]","[46391, 46391, 16457]",0.8333333333333334,0.72826,0.38370345536499634,0.44105454327367893,0.37651847821847406,0.5378586408564863,0.32186275133326714,1.6666666666666667,0.6798795185293083,109239
20000004513,20000004513_B,"['CANDIDATE_Githurai Ward_5', 'CANDIDATE_Githurai Ward_14']","[(-1.2129978168828104, 36.92816453371908), (-1.2122467, 36.9285642)]","[0.36318782, 0.33189642]","[26581, 26581]",1.0,0.35441333333333336,0.8628963782225113,0.520322673775923,0.4177611229248046,0.6741650000526007,0.0251,2.0,0.6362016293108125,53162
40601003611,40601003611_B,"['CANDIDATE_Dandora Area Iii Ward_23', 'CANDIDATE_Dandora Area Iii Ward_17']","[(-1.2428687, 36.9056163), (-1.2416983, 36.9096661)]","[0.8931698, 0.8796468]","[46391, 46391]",0.75,0.6185466666666667,0.5755551830474945,0.44105454327367893,0.37651847821847406,0.5378586408564863,0.32786275133326714,1.5,0.6346251171165995,92782
80000114011,80000114011_C,"['CANDIDATE_Kangemi Ward_8', 'CANDIDATE_Kangemi Ward_0', 'CANDIDATE_Mountain View Ward_29']","[(-1.2688528, 36.738361), (-1.2680161, 36.7376335), (-1.2680161, 36.7376335)]","[0.7700972, 0.7550032, 0.74473256]","[37061, 37061, 13621]",0.75,0.5849533333333333,0.6113426213789245,0.3221219315321362,0.2916160675303674,0.3678807275347895,0.45134717281128894,1.5,0.6231911175728517,87743
30603373812,30603373812_B,"['CANDIDATE_Dandora Area Iii Ward_38', 'CANDIDATE_Dandora Area Iii Ward_37']","[(-1.2536605, 36.9157992), (-1.2531448, 36.915244)]","[0.87907135, 0.8774719]","[46391, 46391]",0.75,0.6185466666666667,0.5755551830474945,0.42988319567513544,0.35387282842313095,0.5438987465531422,0.23017816423200504,1.5,0.6177381595317015,92782
80000115011,80000115011_C,"['CANDIDATE_Kangemi Ward_16', 'CANDIDATE_Kangemi Ward_39', 'CANDIDATE_Mountain View Ward_16']","[(-1.2675308, 36.7468388), (-1.2680821, 36.7467237), (-1.2602621768010511, 36.73619095600996)]","[0.736837, 0.736837, 0.7116655]","[37061, 37061, 13621]",0.75,0.5849533333333333,0.6113426213789245,0.33390661072859396,0.29937888518905575,0.38569819903790115,0.37207795554672235,1.5,0.6136576708224584,87743
80000114011,80000114011_B,"['CANDIDATE_Kangemi Ward_8', 'CANDIDATE_Kangemi Ward_0']","[(-1.2688528, 36.738361), (-1.2680161, 36.7376335)]","[0.7700972, 0.7550032]","[37061, 37061]",0.75,0.4941466666666667,0.709406796522462,0.3221219315321362,0.2916160675303674,0.3678807275347895,0.45134717281128894,1.5,0.6068441613587361,74122
80000115011,80000115011_B,"['CANDIDATE_Kangemi Ward_16', 'CANDIDATE_Kangemi Ward_39']","[(-1.2675308, 36.7468388), (-1.2680821, 36.7467237)]","[0.736837, 0.736837]","[37061, 37061]",0.75,0.4941466666666667,0.709406796522462,0.33390661072859396,0.29937888518905575,0.38569819903790115,0.3692779555467223,1.5,0.5968907146083426,74122
80000002311,80000002311_C,"['CANDIDATE_Gatina Ward_49', 'CANDIDATE_Gatina Ward_7', 'CANDIDATE_Kangemi Ward_16']","[(-1.2687381, 36.7472593), (-1.2687381, 36.7472593), (-1.2675308, 36.7468388)]","[0.74099416, 0.736837, 0.736837]","[23914, 23914, 37061]",0.75,0.5659266666666667,0.7289185954936537,0.33153582490731004,0.3013164725230908,0.37686485348363896,0.11650376627248336,1.5,0.595679378795748,84889
80400003011,80400003011_C,"['CANDIDATE_Kangemi Ward_0', 'CANDIDATE_Mountain View Ward_29', 'CANDIDATE_Kangemi Ward_16']","[(-1.2680161, 36.7376335), (-1.2680161, 36.7376335), (-1.2675308, 36.7468388)]","[0.7550032, 0.74473256, 0.736837]","[37061, 13621, 37061]",0.75,0.5849533333333333,0.6113426213789246,0.3162226621227459,0.2888948477054263,0.3572143837487254,0.15483091854649042,1.5,0.5775338255512539,87743
80500010511,80500010511_B,"['CANDIDATE_Kangemi Ward_43', 'CANDIDATE_Kangemi Ward_8']","[(-1.2689747, 36.7377301), (-1.2688528, 36.738361)]","[0.78086865, 0.7700972]","[37061, 37061]",0.75,0.4941466666666667,0.709406796522462,0.32388246868298354,0.2927247593073652,0.37061903274641117,0.24796183378051606,1.5,0.5766884679342896,74122
80200004811,80200004811_C,"['CANDIDATE_Gatina Ward_27', 'CANDIDATE_Gatina Ward_10', 'CANDIDATE_Gatina Ward_31']","[(-1.285496, 36.7570438), (-1.285436, 36.7574711), (-1.2852718, 36.758749)]","[0.7931313, 0.7931313, 0.78392357]","[23914, 23914, 23914]",0.75,0.47828,0.7386744949792496,0.22330482675439348,0.21605097721755762,0.23418560105964725,0.09674161449534598,1.5,0.534066831269993,71742
20000004513,20000004513_A,['CANDIDATE_Githurai Ward_5'],"[(np.float64(-1.2129978168828104), np.float64(36.92816453371908))]",[np.float64(0.36318782)],[np.int64(26581)],1.0,0.17720666666666668,0.8628963782225113,0.520322673775923,0.4177611229248046,0.6741650000526007,0.0251,2.0,0.5298776293108125,26581
80000135011,80000135011_C,"['CANDIDATE_Mountain View Ward_16', 'CANDIDATE_Kangemi Ward_14', 'CANDIDATE_Mountain View Ward_4']","[(-1.2602621768010511, 36.73619095600996), (-1.267945, 36.7517071), (-1.2669629, 36.7375235)]","[0.7116655, 0.70687383, 0.63434607]","[13621, 37061, 13621]",0.75,0.42868666666666666,0.5132784462353871,0.3629332084668413,0.31672654251267884,0.43224320739808486,0.37587169498824075,1.5,0.5251960075004511,64303
60201005611,60201005611_C,"['CANDIDATE_Gatina Ward_13', 'CANDIDATE_Gatina Ward_23', 'CANDIDATE_Mountain View Ward_44']","[(-1.2801578767135802, 36.74833810274755), (-1.282188, 36.7549666), (-1.2793949, 36.746705)]","[0.88252294, 0.86818075, 0.8158302]","[23914, 23914, 13621]",0.75,0.40966,0.6308544203501163,0.4135457528835492,0.4212300284815331,0.4020193394865734,0.13657730299115572,1.5,0.5202563511129124,61449
60201005611,60201005611_B,"['CANDIDATE_Gatina Ward_13', 'CANDIDATE_Gatina Ward_23']","[(-1.2801578767135802, 36.74833810274755), (-1.282188, 36.7549666)]","[0.88252294, 0.86818075]","[23914, 23914]",0.75,0.3188533333333333,0.7386744949792496,0.4135457528835492,0.4212300284815331,0.4020193394865734,0.13657730299115572,1.5,0.5063483697701956,47828
60200004611,60200004611_C,"['CANDIDATE_Gatina Ward_14', 'CANDIDATE_Mountain View Ward_27', 'CANDIDATE_Gatina Ward_27']","[(-1.282397340605362, 36.74586674927504), (-1.281135598290192, 36.74452642074313), (-1.285496, 36.7570438)]","[0.92651486, 0.915038, 0.7931313]","[23914, 13621, 23914]",0.75,0.40966,0.6308544203501163,0.3437660801191426,0.3529388892301517,0.330006866452629,0.11148428235449998,1.5,0.5025364634645326,61449
80000135011,80000135011_B,"['CANDIDATE_Mountain View Ward_16', 'CANDIDATE_Kangemi Ward_14']","[(-1.2602621768010511, 36.73619095600996), (-1.267945, 36.7517071)]","[0.7116655, 0.70687383]","[13621, 37061]",0.75,0.33788,0.5623105338071559,0.3629332084668413,0.31672654251267884,0.43224320739808486,0.37447169498824073,1.5,0.49638102939339335,50682
80000114011,80000114011_A,['CANDIDATE_Kangemi Ward_8'],"[(np.float64(-1.2688528), np.float64(36.738361))]",[np.float64(0.7700972)],[np.int64(37061)],0.75,0.24707333333333334,0.709406796522462,0.3221219315321362,0.2916160675303674,0.3678807275347895,0.45134717281128894,1.5,0.495661161358736,37061
40601003611,40601003611_A,['CANDIDATE_Dandora Area Iii Ward_23'],"[(np.float64(-1.2428687), np.float64(36.9056163))]",[np.float64(0.8931698)],[np.int64(46391)],0.75,0.30927333333333334,0.5755551830474945,0.44105454327367893,0.37651847821847406,0.5378586408564863,0.32786275133326714,1.5,0.4954521171165995,46391
70805046P10,70805046P10_C,"['CANDIDATE_Mountain View Ward_31', 'CANDIDATE_Mountain View Ward_21', 'CANDIDATE_Kangemi Ward_0']","[(-1.2771944176008143, 36.73884306727144), (-1.2782163776843072, 36.73966317199402), (-1.2680161, 36.7376335)]","[0.8254318, 0.8218844, 0.7550032]","[13621, 13621, 37061]",0.75,0.42868666666666666,0.5132784462353871,0.31741565006919564,0.27732992847950033,0.3775442324537386,0.20680349133790454,1.5,0.4907322652733716,64303
40705383911,40705383911_C,"['CANDIDATE_Dandora Area Iii Ward_30', 'CANDIDATE_Njiru Ward_31', 'CANDIDATE_Njiru Ward_9']","[(-1.2552226, 36.9172518), (-1.2633616, 36.9016683), (-1.2544622, 36.9202142)]","[0.90794486, 0.8542659, 0.8077549]","[46391, 6785, 6785]",0.9166666666666666,0.39974,0.19185172768249817,0.4053161198823377,0.3491159862128419,0.4896163203865813,0.33344425452979565,1.8333333333333333,0.49056646074322807,59961
40705383911,40705383911_A,['CANDIDATE_Dandora Area Iii Ward_30'],"[(np.float64(-1.2552226), np.float64(36.9172518))]",[np.float64(0.90794486)],[np.int64(46391)],0.75,0.30927333333333334,0.5755551830474945,0.4053161198823377,0.3491159862128419,0.4896163203865813,0.33344425452979565,1.5,0.4891416579178105,46391
80000002311,80000002311_B,"['CANDIDATE_Gatina Ward_49', 'CANDIDATE_Gatina Ward_7']","[(-1.2687381, 36.7472593), (-1.2687381, 36.7472593)]","[0.74099416, 0.736837]","[23914, 23914]",0.75,0.3188533333333333,0.7386744949792496,0.33153582490731004,0.3013164725230908,0.37686485348363896,0.11650376627248335,1.5,0.4869353536671469,47828
80000115011,80000115011_A,['CANDIDATE_Kangemi Ward_16'],"[(np.float64(-1.2675308), np.float64(36.7468388))]",[np.float64(0.736837)],[np.int64(37061)],0.75,0.24707333333333334,0.709406796522462,0.33390661072859396,0.29937888518905575,0.38569819903790115,0.3692779555467223,1.5,0.4857077146083426,37061
30603373812,30603373812_A,['CANDIDATE_Dandora Area Iii Ward_38'],"[(np.float64(-1.2536605), np.float64(36.9157992))]",[np.float64(0.87907135)],[np.int64(46391)],0.75,0.30927333333333334,0.5755551830474945,0.42988319567513544,0.35387282842313095,0.5438987465531422,0.23017816423200504,1.5,0.4785651595317015,46391
70000010311,70000010311_A,['CANDIDATE_Kangemi Ward_28'],"[(np.float64(-1.2734509), np.float64(36.737563))]",[np.float64(0.85312825)],[np.int64(37061)],0.75,0.24707333333333334,0.709406796522462,0.23213116142597787,0.2076856066725754,0.26879949355608157,0.44871376329126506,1.5,0.4772679959095008,37061
40705383911,40705383911_B,"['CANDIDATE_Dandora Area Iii Ward_30', 'CANDIDATE_Njiru Ward_31']","[(-1.2552226, 36.9172518), (-1.2633616, 36.9016683)]","[0.90794486, 0.8542659]","[46391, 6785]",0.875,0.3545066666666667,0.28777759152374727,0.4053161198823377,0.3491159862128419,0.4896163203865813,0.33344425452979565,1.75,0.4766402600368737,53176
70400011111,70400011111_A,['CANDIDATE_Gatina Ward_44'],"[(np.float64(-1.2958132), np.float64(36.7620718))]",[np.float64(0.7545027)],[np.int64(23914)],0.75,0.15942666666666666,0.7386744949792496,0.6174206936092911,0.6285201304169279,0.6007715383978358,0.14265237669349762,1.5,0.47629261897069525,23914
80500010511,80500010511_A,['CANDIDATE_Kangemi Ward_43'],"[(np.float64(-1.2689747), np.float64(36.7377301))]",[np.float64(0.78086865)],[np.int64(37061)],0.75,0.24707333333333334,0.709406796522462,0.32388246868298354,0.2927247593073652,0.37061903274641117,0.24796183378051606,1.5,0.4655054679342896,37061
80200004811,80200004811_B,"['CANDIDATE_Gatina Ward_27', 'CANDIDATE_Gatina Ward_10']","[(-1.285496, 36.7570438), (-1.285436, 36.7574711)]","[0.7931313, 0.7931313]","[23914, 23914]",0.75,0.3188533333333333,0.7386744949792496,0.22330482675439348,0.21605097721755762,0.23418560105964725,0.09674161449534598,1.5,0.462324831269993,47828
20801025A11,20801025A11_B,"['CANDIDATE_Airbase Ward_31', 'CANDIDATE_Lucky Summer Ward_2']","[(-1.2516177, 36.8720704), (-1.2483642059284654, 36.88907003565125)]","[0.9909643, 0.9646533]","[16457, 30128]",0.875,0.31056666666666666,0.3223919782715247,0.3870259197433872,0.32860380745948436,0.4746590881692414,0.31466943754347615,1.75,0.45575109414808007,46585
80400003011,80400003011_B,"['CANDIDATE_Kangemi Ward_0', 'CANDIDATE_Mountain View Ward_29']","[(-1.2680161, 36.7376335), (-1.2680161, 36.7376335)]","[0.7550032, 0.74473256]","[37061, 13621]",0.75,0.33788,0.5623105338071559,0.3162226621227459,0.2888948477054263,0.3572143837487254,0.15763091854649042,1.5,0.45451280365831176,50682
70000010311,70000010311_C,"['CANDIDATE_Kangemi Ward_28', 'CANDIDATE_Ngando Ward_4', 'CANDIDATE_Mountain View Ward_31']","[(-1.2734509, 36.737563), (-1.291000755881557, 36.741206809331125), (-1.2771944176008143, 36.73884306727144)]","[0.85312825, 0.8496093, 0.8254318]","[37061, 6959, 13621]",0.75,0.38427333333333336,0.3748736892047706,0.23213116142597787,0.2076856066725754,0.26879949355608157,0.44044709662459836,1.5,0.45413471908007796,57641
80400003011,80400003011_A,['CANDIDATE_Kangemi Ward_0'],"[(np.float64(-1.2680161), np.float64(36.7376335))]",[np.float64(0.7550032)],[np.int64(37061)],0.75,0.24707333333333334,0.709406796522462,0.3162226621227459,0.2888948477054263,0.3572143837487254,0.15763091854649042,1.5,0.45042386933713824,37061
20801002511,20801002511_B,"['CANDIDATE_Airbase Ward_31', 'CANDIDATE_Lucky Summer Ward_2']","[(-1.2516177, 36.8720704), (-1.2483642059284654, 36.88907003565125)]","[0.9909643, 0.9646533]","[16457, 30128]",0.875,0.31056666666666666,0.3223919782715247,0.37404740283052706,0.3222528156322326,0.4517392836279688,0.23861524561926528,1.75,0.4417472619768764,46585
60201005611,60201005611_A,['CANDIDATE_Gatina Ward_13'],"[(np.float64(-1.2801578767135802), np.float64(36.74833810274755))]",[np.float64(0.88252294)],[np.int64(23914)],0.75,0.15942666666666666,0.7386744949792496,0.4135457528835492,0.4212300284815331,0.4020193394865734,0.13657730299115572,1.5,0.4346063697701956,23914
70000000311,70000000311_A,['CANDIDATE_Kangemi Ward_28'],"[(np.float64(-1.2734509), np.float64(36.737563))]",[np.float64(0.85312825)],[np.int64(37061)],0.75,0.24707333333333334,0.709406796522462,0.24005414050509338,0.21313882587027466,0.28042711245732144,0.1263446884626851,1.5,0.43049723050103694,37061
20801025A11,20801025A11_C,"['CANDIDATE_Airbase Ward_31', 'CANDIDATE_Lucky Summer Ward_2', 'CANDIDATE_Roysambu Ward_24']","[(-1.2516177, 36.8720704), (-1.2483642059284654, 36.88907003565125), (-1.2606441325508777, 36.85590063059065)]","[0.9909643, 0.9646533, 0.9353178]","[16457, 30128, 3865]",0.8333333333333334,0.3363333333333333,0.2149279855143498,0.3870259197433872,0.32860380745948436,0.4746590881692414,0.3141527708768095,1.6666666666666667,0.4297600959587863,50450
60200004611,60200004611_B,"['CANDIDATE_Gatina Ward_14', 'CANDIDATE_Mountain View Ward_27']","[(-1.282397340605362, 36.74586674927504), (-1.281135598290192, 36.74452642074313)]","[0.92651486, 0.915038]","[23914, 13621]",0.75,0.2502333333333333,0.5769443830355496,0.3437660801191426,0.3529388892301517,0.330006866452629,0.11695094902116665,1.5,0.4181369541358909,37535
60200004611,60200004611_A,['CANDIDATE_Gatina Ward_14'],"[(np.float64(-1.282397340605362), np.float64(36.74586674927504))]",[np.float64(0.92651486)],[np.int64(23914)],0.75,0.15942666666666666,0.7386744949792496,0.3437660801191426,0.3529388892301517,0.330006866452629,0.11695094902116665,1.5,0.41770648212181594,23914
20801002511,20801002511_C,"['CANDIDATE_Airbase Ward_31', 'CANDIDATE_Lucky Summer Ward_2', 'CANDIDATE_Roysambu Ward_24']","[(-1.2516177, 36.8720704), (-1.2483642059284654, 36.88907003565125), (-1.2606441325508777, 36.85590063059065)]","[0.9909643, 0.9646533, 0.9353178]","[16457, 30128, 3865]",0.8333333333333334,0.3363333333333333,0.2149279855143498,0.37404740283052706,0.3222528156322326,0.4517392836279688,0.23809857895259862,1.6666666666666667,0.4157562637875827,50450
80000002311,80000002311_A,['CANDIDATE_Gatina Ward_49'],"[(np.float64(-1.2687381), np.float64(36.7472593))]",[np.float64(0.74099416)],[np.int64(23914)],0.75,0.15942666666666666,0.7386744949792496,0.33153582490731004,0.3013164725230908,0.37686485348363896,0.11650376627248335,1.5,0.4151933536671469,23914
20807042011,20807042011_C,"['CANDIDATE_Airbase Ward_31', 'CANDIDATE_Airbase Ward_48', 'CANDIDATE_Airbase Ward_42']","[(-1.2516177, 36.8720704), (-1.2554342, 36.8830459), (-1.2552721, 36.8888821)]","[0.9909643, 0.97677535, 0.89557]","[16457, 16457, 16457]",1.0,0.32914,0.0,0.40608250483969704,0.3411156174738057,0.503532835888534,0.226842667859154,2.0,0.41272690114681254,49371
70600010211,70600010211_C,"['CANDIDATE_Ngando Ward_4', 'CANDIDATE_Gatina Ward_44', 'CANDIDATE_Waithaka Ward_1']","[(-1.291000755881557, 36.741206809331125), (-1.2958132, 36.7620718), (-1.2858718, 36.7322456)]","[0.8496093, 0.7545027, 0.7497377]","[6959, 23914, 5364]",0.8333333333333334,0.24158,0.37944875130781125,0.39126931790317254,0.3830437261625277,0.4036077055141398,0.2337285965086621,1.6666666666666667,0.41229867421722,36237
20101007700,20101007700_C,"['CANDIDATE_Airbase Ward_31', 'CANDIDATE_Airbase Ward_15', 'CANDIDATE_Airbase Ward_48']","[(-1.2516177, 36.8720704), (-1.2566358569419434, 36.88660983623111), (-1.2554342, 36.8830459)]","[0.9909643, 0.9773207, 0.97677535]","[16457, 16457, 16457]",1.0,0.32914,0.0,0.3814409197396531,0.32698901020321225,0.4631187840443143,0.25516424194242937,2.0,0.41204682023929506,49371
70400011111,70400011111_B,"['CANDIDATE_Gatina Ward_44', 'CANDIDATE_Karen Ward_6']","[(-1.2958132, 36.7620718), (-1.2953362, 36.7659442)]","[0.7545027, 0.56302285]","[23914, 991]",0.875,0.16603333333333334,0.3693372474896248,0.6174206936092911,0.6285201304169279,0.6007715383978358,0.14265237669349762,1.75,0.4118838070982891,24905
20000145011,20000145011_C,"['CANDIDATE_Airbase Ward_13', 'CANDIDATE_Airbase Ward_2', 'CANDIDATE_Airbase Ward_37']","[(-1.2575550059354996, 36.85913900907391), (-1.2646313, 36.8432382), (-1.2517142665629957, 36.85527133427125)]","[0.9185534, 0.83739746, 0.8211514]","[16457, 16457, 16457]",1.0,0.32914,0.0,0.4027769215879785,0.3423513546847703,0.4934152719427909,0.21367924409553146,2.0,0.41009127093192543,49371
70000010311,70000010311_B,"['CANDIDATE_Kangemi Ward_28', 'CANDIDATE_Ngando Ward_4']","[(-1.2734509, 36.737563), (-1.291000755881557, 36.741206809331125)]","[0.85312825, 0.8496093]","[37061, 6959]",0.75,0.29346666666666665,0.354703398261231,0.23213116142597787,0.2076856066725754,0.26879949355608157,0.43631376329126503,1.5,0.40760914634419304,44020
70000000311,70000000311_C,"['CANDIDATE_Kangemi Ward_28', 'CANDIDATE_Ngando Ward_4', 'CANDIDATE_Mountain View Ward_31']","[(-1.2734509, 36.737563), (-1.291000755881557, 36.741206809331125), (-1.2771944176008143, 36.73884306727144)]","[0.85312825, 0.8496093, 0.8254318]","[37061, 6959, 13621]",0.75,0.38427333333333336,0.3748736892047706,0.24005414050509338,0.21313882587027466,0.28042711245732144,0.11807802179601841,1.5,0.4073639536716141,57641
40705017A01,40705017A01_C,"['CANDIDATE_Airbase Ward_18', 'CANDIDATE_Upper Savanna Ward_7', 'CANDIDATE_Matopeni/spring Valley Ward_46']","[(-1.2674884456231574, 36.875785167024446), (-1.272541763213726, 36.92195021861954), (-1.2640333, 36.9267487)]","[0.9412542, 0.85630924, 0.8455065]","[16457, 13463, 11633]",0.8333333333333334,0.27702,0.20180131573040935,0.44354955528228973,0.3701349549745192,0.5536714557439455,0.29652239557454707,1.6666666666666667,0.4054819326585757,41553
40403002611,40403002611_C,"['CANDIDATE_Airbase Ward_48', 'CANDIDATE_Airbase Ward_18', 'CANDIDATE_Airbase Ward_23']","[(-1.2554342, 36.8830459), (-1.2674884456231574, 36.875785167024446), (-1.2725175, 36.874177)]","[0.97677535, 0.9412542, 0.8792974]","[16457, 16457, 16457]",1.0,0.32914,0.0,0.4239087089472927,0.35899763668821105,0.5212753173359153,0.14874890191791712,2.0,0.4045780770771461,49371
70601000211,70601000211_C,"['CANDIDATE_Ngando Ward_4', 'CANDIDATE_Gatina Ward_44', 'CANDIDATE_Waithaka Ward_1']","[(-1.291000755881557, 36.741206809331125), (-1.2958132, 36.7620718), (-1.2858718, 36.7322456)]","[0.8496093, 0.7545027, 0.7497377]","[6959, 23914, 5364]",0.8333333333333334,0.24158,0.37944875130781125,0.3674957045336841,0.35914643196317053,0.38001961338945445,0.18432318394117062,1.6666666666666667,0.40013313965819863,36237
40501002611,40501002611_C,"['CANDIDATE_Airbase Ward_48', 'CANDIDATE_Airbase Ward_18', 'CANDIDATE_Airbase Ward_23']","[(-1.2554342, 36.8830459), (-1.2674884456231574, 36.875785167024446), (-1.2725175, 36.874177)]","[0.97677535, 0.9412542, 0.8792974]","[16457, 16457, 16457]",1.0,0.32914,0.0,0.3652600490131229,0.3134742870843712,0.44293869190625057,0.16693433369770447,2.0,0.39557615985728023,49371
50700003311,50700003311_C,"['CANDIDATE_Pipeline Ward_23', 'CANDIDATE_Imara Daima Ward_46', 'CANDIDATE_Imara Daima Ward_35']","[(-1.3238112153440054, 36.89342008500604), (-1.3326658568376504, 36.89554209749721), (-1.334141220615969, 36.895745798662986)]","[0.95024467, 0.8523578, 0.82176095]","[4986, 18571, 18571]",0.75,0.28085333333333334,0.2863613459024134,0.4900292127865157,0.43809402623000215,0.567931992621286,0.1489122494948491,1.5,0.3933170164571339,42128
50703033C11,50703033C11_C,"['CANDIDATE_Pipeline Ward_23', 'CANDIDATE_Imara Daima Ward_46', 'CANDIDATE_Imara Daima Ward_35']","[(-1.3238112153440054, 36.89342008500604), (-1.3326658568376504, 36.89554209749721), (-1.334141220615969, 36.895745798662986)]","[0.95024467, 0.8523578, 0.82176095]","[4986, 18571, 18571]",0.75,0.28085333333333334,0.2863613459024134,0.5025705339292512,0.4406191966988957,0.5954975397747846,0.11649978137732286,1.5,0.39096341046805205,42128
80200004811,80200004811_A,['CANDIDATE_Gatina Ward_27'],"[(np.float64(-1.285496), np.float64(36.7570438))]",[np.float64(0.7931313)],[np.int64(23914)],0.75,0.15942666666666666,0.7386744949792496,0.22330482675439348,0.21605097721755762,0.23418560105964725,0.09674161449534598,1.5,0.390582831269993,23914
40700003311,40700003311_B,"['CANDIDATE_Pipeline Ward_23', 'CANDIDATE_Imara Daima Ward_35']","[(-1.3238112153440054, 36.89342008500604), (-1.334141220615969, 36.895745798662986)]","[0.95024467, 0.82176095]","[4986, 18571]",0.75,0.15704666666666667,0.21477100942681004,0.8451972580007179,0.8169003660170215,0.8876425959762624,0.1114979595216801,1.5,0.3851278978850981,23557
40700003311,40700003311_C,"['CANDIDATE_Pipeline Ward_23', 'CANDIDATE_Imara Daima Ward_35', 'CANDIDATE_Pipeline Ward_32']","[(-1.3238112153440054, 36.89342008500604), (-1.334141220615969, 36.895745798662986), (-1.3313378393603177, 36.89532366227466)]","[0.95024467, 0.82176095, 0.81187284]","[4986, 18571, 4986]",0.75,0.19028666666666666,0.1431806729512067,0.8451972580007179,0.8169003660170215,0.8876425959762624,0.1114979595216801,1.5,0.3821883137661972,28543
30600186211,30600186211_C,"['CANDIDATE_Airbase Ward_26', 'CANDIDATE_Roysambu Ward_9', 'CANDIDATE_Airbase Ward_46']","[(-1.266298577523929, 36.86528431892141), (-1.268917054846389, 36.85775677859107), (-1.2688894472037804, 36.85626925229903)]","[0.9595554, 0.9594944, 0.9560917]","[16457, 3865, 16457]",0.9166666666666666,0.24519333333333335,0.0,0.4105296809061415,0.34292229536523156,0.5119407592175065,0.45093453575805764,1.8333333333333333,0.37626911654493694,36779
50702003311,50702003311_C,"['CANDIDATE_Pipeline Ward_23', 'CANDIDATE_Imara Daima Ward_46', 'CANDIDATE_Imara Daima Ward_35']","[(-1.3238112153440054, 36.89342008500604), (-1.3326658568376504, 36.89554209749721), (-1.334141220615969, 36.895745798662986)]","[0.95024467, 0.8523578, 0.82176095]","[4986, 18571, 18571]",0.75,0.28085333333333334,0.2863613459024134,0.4248692130351527,0.3707049932968318,0.506115542642634,0.1028027394083938,1.5,0.373368589993893,42128
70600010211,70600010211_B,"['CANDIDATE_Ngando Ward_4', 'CANDIDATE_Gatina Ward_44']","[(-1.291000755881557, 36.741206809331125), (-1.2958132, 36.7620718)]","[0.8496093, 0.7545027]","[6959, 23914]",0.75,0.20582,0.3693372474896248,0.39126931790317254,0.3830437261625277,0.4036077055141398,0.2337285965086621,1.5,0.37326646492934007,30873
50800011011,50800011011_A,['CANDIDATE_Imara Daima Ward_35'],"[(np.float64(-1.334141220615969), np.float64(36.895745798662986))]",[np.float64(0.82176095)],[np.int64(18571)],0.75,0.12380666666666666,0.4295420188536201,0.5837843894884145,0.5428942881661318,0.6451195414718385,0.11298856868395774,1.5,0.3718036679136816,18571
30600017A11,30600017A11_C,"['CANDIDATE_Airbase Ward_26', 'CANDIDATE_Roysambu Ward_9', 'CANDIDATE_Airbase Ward_46']","[(-1.266298577523929, 36.86528431892141), (-1.268917054846389, 36.85775677859107), (-1.2688894472037804, 36.85626925229903)]","[0.9595554, 0.9594944, 0.9560917]","[16457, 3865, 16457]",0.9166666666666666,0.24519333333333335,0.0,0.42207259976980027,0.35476922249026677,0.5230276656891004,0.37733156778959226,1.8333333333333333,0.36753725512239893,36779
50901011011,50901011011_A,['CANDIDATE_Imara Daima Ward_35'],"[(np.float64(-1.334141220615969), np.float64(36.895745798662986))]",[np.float64(0.82176095)],[np.int64(18571)],0.75,0.12380666666666666,0.4295420188536201,0.5473743992581442,0.5099167662727924,0.6035608487361721,0.11858663420451157,1.5,0.36536137969571064,18571
30600018C11,30600018C11_B,"['CANDIDATE_Airbase Ward_28', 'CANDIDATE_Airbase Ward_26']","[(-1.26870887983987, 36.85419534404116), (-1.266298577523929, 36.86528431892141)]","[0.9705673, 0.9595554]","[16457, 16457]",1.0,0.21942666666666666,0.0,0.40138107904178366,0.3380399410020152,0.49639278610143633,0.34631033489019186,2.0,0.3638787660418855,32914
50700033H01,50700033H01_C,"['CANDIDATE_Pipeline Ward_23', 'CANDIDATE_Imara Daima Ward_46', 'CANDIDATE_Imara Daima Ward_35']","[(-1.3238112153440054, 36.89342008500604), (-1.3326658568376504, 36.89554209749721), (-1.334141220615969, 36.895745798662986)]","[0.95024467, 0.8523578, 0.82176095]","[4986, 18571, 18571]",0.75,0.28085333333333334,0.2863613459024134,0.39032287624114637,0.3192067450960412,0.496997072958804,0.08044360197422903,1.5,0.363105452019967,42128
50703033J01,50703033J01_C,"['CANDIDATE_Pipeline Ward_23', 'CANDIDATE_Imara Daima Ward_46', 'CANDIDATE_Imara Daima Ward_35']","[(-1.3238112153440054, 36.89342008500604), (-1.3326658568376504, 36.89554209749721), (-1.334141220615969, 36.895745798662986)]","[0.95024467, 0.8523578, 0.82176095]","[4986, 18571, 18571]",0.75,0.28085333333333334,0.2863613459024134,0.38444272492282416,0.31412263011705566,0.48992286713147704,0.07976454668919142,1.5,0.3618275634635469,42128
70601000211,70601000211_B,"['CANDIDATE_Ngando Ward_4', 'CANDIDATE_Gatina Ward_44']","[(-1.291000755881557, 36.741206809331125), (-1.2958132, 36.7620718)]","[0.8496093, 0.7545027]","[6959, 23914]",0.75,0.20582,0.3693372474896248,0.3674957045336841,0.35914643196317053,0.38001961338945445,0.18432318394117062,1.5,0.36110093037031865,30873
70000000311,70000000311_B,"['CANDIDATE_Kangemi Ward_28', 'CANDIDATE_Ngando Ward_4']","[(-1.2734509, 36.737563), (-1.291000755881557, 36.741206809331125)]","[0.85312825, 0.8496093]","[37061, 6959]",0.75,0.29346666666666665,0.354703398261231,0.24005414050509338,0.21313882587027466,0.28042711245732144,0.11394468846268509,1.5,0.36083838093572923,44020
30600018C11,30600018C11_C,"['CANDIDATE_Airbase Ward_28', 'CANDIDATE_Airbase Ward_26', 'CANDIDATE_Roysambu Ward_9']","[(-1.26870887983987, 36.85419534404116), (-1.266298577523929, 36.86528431892141), (-1.268917054846389, 36.85775677859107)]","[0.9705673, 0.9595554, 0.9594944]","[16457, 16457, 3865]",0.9166666666666666,0.24519333333333335,0.0,0.40138107904178366,0.3380399410020152,0.49639278610143633,0.34631033489019186,1.8333333333333333,0.3587457660418855,36779
30007004111,30007004111_B,"['CANDIDATE_Airbase Ward_28', 'CANDIDATE_Airbase Ward_26']","[(-1.26870887983987, 36.85419534404116), (-1.266298577523929, 36.86528431892141)]","[0.9705673, 0.9595554]","[16457, 16457]",1.0,0.21942666666666666,0.0,0.39617577313368224,0.3352610025891134,0.48754792895053556,0.30622951074894833,2.0,0.3568255812390787,32914
70805046P10,70805046P10_B,"['CANDIDATE_Mountain View Ward_31', 'CANDIDATE_Mountain View Ward_21']","[(-1.2771944176008143, 36.73884306727144), (-1.2782163776843072, 36.73966317199402)]","[0.8254318, 0.8218844]","[13621, 13621]",0.75,0.18161333333333332,0.4152142710918497,0.31741565006919564,0.27732992847950033,0.3775442324537386,0.20540349133790453,1.5,0.35482322148748724,27242
30907003211,30907003211_B,"['CANDIDATE_Airbase Ward_28', 'CANDIDATE_Airbase Ward_26']","[(-1.26870887983987, 36.85419534404116), (-1.266298577523929, 36.86528431892141)]","[0.9705673, 0.9595554]","[16457, 16457]",1.0,0.21942666666666666,0.0,0.3970165309702991,0.336063218653436,0.4884464994455937,0.28721596276789557,2.0,0.3541417006092442,32914
21000017B11,21000017B11_C,"['CANDIDATE_Roysambu Ward_24', 'CANDIDATE_Airbase Ward_9', 'CANDIDATE_Airbase Ward_13']","[(-1.2606441325508777, 36.85590063059065), (-1.2606569585087073, 36.85442068987691), (-1.2575550059354996, 36.85913900907391)]","[0.9353178, 0.91894686, 0.9185534]","[3865, 16457, 16457]",0.9166666666666666,0.24519333333333335,0.0,0.44189490722607383,0.3669398200142595,0.5543275380437953,0.25896063798072144,1.8333333333333333,0.353746077142323,36779
30007004111,30007004111_C,"['CANDIDATE_Airbase Ward_28', 'CANDIDATE_Airbase Ward_26', 'CANDIDATE_Roysambu Ward_9']","[(-1.26870887983987, 36.85419534404116), (-1.266298577523929, 36.86528431892141), (-1.268917054846389, 36.85775677859107)]","[0.9705673, 0.9595554, 0.9594944]","[16457, 16457, 3865]",0.9166666666666666,0.24519333333333335,0.0,0.39617577313368224,0.3352610025891134,0.48754792895053556,0.30622951074894833,1.8333333333333333,0.3516925812390787,36779
80000135011,80000135011_A,['CANDIDATE_Mountain View Ward_16'],"[(np.float64(-1.2602621768010511), np.float64(36.73619095600996))]",[np.float64(0.7116655)],[np.int64(13621)],0.75,0.09080666666666666,0.4152142710918497,0.3629332084668413,0.31672654251267884,0.43224320739808486,0.37867169498824077,1.5,0.3490539637145668,13621
30907003211,30907003211_C,"['CANDIDATE_Airbase Ward_28', 'CANDIDATE_Airbase Ward_26', 'CANDIDATE_Roysambu Ward_9']","[(-1.26870887983987, 36.85419534404116), (-1.266298577523929, 36.86528431892141), (-1.268917054846389, 36.85775677859107)]","[0.9705673, 0.9595554, 0.9594944]","[16457, 16457, 3865]",0.9166666666666666,0.24519333333333335,0.0,0.3970165309702991,0.336063218653436,0.4884464994455937,0.28721596276789557,1.8333333333333333,0.34900870060924416,36779
20807042011,20807042011_B,"['CANDIDATE_Airbase Ward_31', 'CANDIDATE_Airbase Ward_48']","[(-1.2516177, 36.8720704), (-1.2554342, 36.8830459)]","[0.9909643, 0.97677535]","[16457, 16457]",1.0,0.21942666666666666,0.0,0.40608250483969704,0.3411156174738057,0.503532835888534,0.2263260011924873,2.0,0.3468214011468125,32914
20101007700,20101007700_B,"['CANDIDATE_Airbase Ward_31', 'CANDIDATE_Airbase Ward_15']","[(-1.2516177, 36.8720704), (-1.2566358569419434, 36.88660983623111)]","[0.9909643, 0.9773207]","[16457, 16457]",1.0,0.21942666666666666,0.0,0.3814409197396531,0.32698901020321225,0.4631187840443143,0.2546475752757627,2.0,0.346141320239295,32914
21000004911,21000004911_C,"['CANDIDATE_Roysambu Ward_24', 'CANDIDATE_Airbase Ward_9', 'CANDIDATE_Airbase Ward_13']","[(-1.2606441325508777, 36.85590063059065), (-1.2606569585087073, 36.85442068987691), (-1.2575550059354996, 36.85913900907391)]","[0.9353178, 0.91894686, 0.9185534]","[3865, 16457, 16457]",0.9166666666666666,0.24519333333333335,0.0,0.4405223206840567,0.36656379073638545,0.5514601156055636,0.19895533803703336,1.8333333333333333,0.3444707648423664,36779
20000237011,20000237011_C,"['CANDIDATE_Roysambu Ward_24', 'CANDIDATE_Airbase Ward_9', 'CANDIDATE_Airbase Ward_13']","[(-1.2606441325508777, 36.85590063059065), (-1.2606569585087073, 36.85442068987691), (-1.2575550059354996, 36.85913900907391)]","[0.9353178, 0.91894686, 0.9185534]","[3865, 16457, 16457]",0.9166666666666666,0.24519333333333335,0.0,0.4067459973172321,0.34490119033564115,0.4995132077896185,0.24320986783265428,1.8333333333333333,0.34435367963834457,36779
20000145011,20000145011_B,"['CANDIDATE_Airbase Ward_13', 'CANDIDATE_Airbase Ward_2']","[(-1.2575550059354996, 36.85913900907391), (-1.2646313, 36.8432382)]","[0.9185534, 0.83739746]","[16457, 16457]",1.0,0.21942666666666666,0.0,0.4027769215879785,0.3423513546847703,0.4934152719427909,0.21367924409553146,2.0,0.34426327093192544,32914
30000046B11,30000046B11_B,"['CANDIDATE_Airbase Ward_28', 'CANDIDATE_Airbase Ward_26']","[(-1.26870887983987, 36.85419534404116), (-1.266298577523929, 36.86528431892141)]","[0.9705673, 0.9595554]","[16457, 16457]",1.0,0.21942666666666666,0.0,0.3678259127563166,0.3203724036971862,0.43900617634501216,0.26003718904236645,2.0,0.3442267609076183,32914
40700033C11,40700033C11_A,['CANDIDATE_Imara Daima Ward_35'],"[(np.float64(-1.334141220615969), np.float64(36.895745798662986))]",[np.float64(0.82176095)],[np.int64(18571)],0.75,0.12380666666666666,0.4295420188536201,0.44563172900851,0.4010445718913944,0.5125124646841834,0.10712550597899897,1.5,0.34329367641195685,18571
40700003411,40700003411_B,"['CANDIDATE_Pipeline Ward_23', 'CANDIDATE_Imara Daima Ward_35']","[(-1.3238112153440054, 36.89342008500604), (-1.334141220615969, 36.895745798662986)]","[0.95024467, 0.82176095]","[4986, 18571]",0.75,0.15704666666666667,0.21477100942681004,0.5752101098216074,0.5496797608128001,0.6135056333348181,0.1850678028420948,1.5,0.34216594474733825,23557
40700003411,40700003411_C,"['CANDIDATE_Pipeline Ward_23', 'CANDIDATE_Imara Daima Ward_35', 'CANDIDATE_Pipeline Ward_32']","[(-1.3238112153440054, 36.89342008500604), (-1.334141220615969, 36.895745798662986), (-1.3313378393603177, 36.89532366227466)]","[0.95024467, 0.82176095, 0.81187284]","[4986, 18571, 4986]",0.75,0.19028666666666666,0.1431806729512067,0.5752101098216074,0.5496797608128001,0.6135056333348181,0.1850678028420948,1.5,0.33922636062843736,28543
40403002611,40403002611_B,"['CANDIDATE_Airbase Ward_48', 'CANDIDATE_Airbase Ward_18']","[(-1.2554342, 36.8830459), (-1.2674884456231574, 36.875785167024446)]","[0.97677535, 0.9412542]","[16457, 16457]",1.0,0.21942666666666666,0.0,0.4239087089472927,0.35899763668821105,0.5212753173359153,0.15174890191791712,2.0,0.3392000770771461,32914
30000046B11,30000046B11_C,"['CANDIDATE_Airbase Ward_28', 'CANDIDATE_Airbase Ward_26', 'CANDIDATE_Roysambu Ward_9']","[(-1.26870887983987, 36.85419534404116), (-1.266298577523929, 36.86528431892141), (-1.268917054846389, 36.85775677859107)]","[0.9705673, 0.9595554, 0.9594944]","[16457, 16457, 3865]",0.9166666666666666,0.24519333333333335,0.0,0.3678259127563166,0.3203724036971862,0.43900617634501216,0.26003718904236645,1.8333333333333333,0.3390937609076183,36779
21100004412,21100004412_C,"['CANDIDATE_Roysambu Ward_24', 'CANDIDATE_Airbase Ward_9', 'CANDIDATE_Airbase Ward_13']","[(-1.2606441325508777, 36.85590063059065), (-1.2606569585087073, 36.85442068987691), (-1.2575550059354996, 36.85913900907391)]","[0.9353178, 0.91894686, 0.9185534]","[3865, 16457, 16457]",0.9166666666666666,0.24519333333333335,0.0,0.4059906622111862,0.3444130362646236,0.49835710113102993,0.19509631653913675,1.8333333333333333,0.33698557992310774,36779
21100004411,21100004411_C,"['CANDIDATE_Roysambu Ward_24', 'CANDIDATE_Airbase Ward_9', 'CANDIDATE_Airbase Ward_13']","[(-1.2606441325508777, 36.85590063059065), (-1.2606569585087073, 36.85442068987691), (-1.2575550059354996, 36.85913900907391)]","[0.9353178, 0.91894686, 0.9185534]","[3865, 16457, 16457]",0.9166666666666666,0.24519333333333335,0.0,0.4031575749340959,0.34259564039709645,0.4940004767395949,0.1819458312630428,1.8333333333333333,0.3344463896762756,36779
30000004611,30000004611_B,"['CANDIDATE_Airbase Ward_28', 'CANDIDATE_Airbase Ward_26']","[(-1.26870887983987, 36.85419534404116), (-1.266298577523929, 36.86528431892141)]","[0.9705673, 0.9595554]","[16457, 16457]",1.0,0.21942666666666666,0.0,0.36312374797877583,0.31690736336268666,0.43244832490290963,0.19955158170194442,2.0,0.3342134868510468,32914
20000004511,20000004511_C,"['CANDIDATE_Roysambu Ward_24', 'CANDIDATE_Airbase Ward_9', 'CANDIDATE_Airbase Ward_13']","[(-1.2606441325508777, 36.85590063059065), (-1.2606569585087073, 36.85442068987691), (-1.2575550059354996, 36.85913900907391)]","[0.9353178, 0.91894686, 0.9185534]","[3865, 16457, 16457]",0.9166666666666666,0.24519333333333335,0.0,0.39669017079283175,0.338446437171136,0.48405577122537546,0.18678202987843254,1.8333333333333333,0.33387833864033123,36779
50800011011,50800011011_B,"['CANDIDATE_Imara Daima Ward_35', 'CANDIDATE_Pipeline Ward_6']","[(-1.334141220615969, 36.895745798662986), (-1.3344163935509326, 36.88651969214121)]","[0.82176095, 0.56996965]","[18571, 4986]",0.75,0.15704666666666667,0.21477100942681004,0.5837843894884145,0.5428942881661318,0.6451195414718385,0.11298856868395774,1.5,0.3330689155569791,23557
70201024C11,70201024C11_C,"['CANDIDATE_Nairobi West Ward_19', 'CANDIDATE_Nairobi West Ward_6', 'CANDIDATE_Nairobi West Ward_35']","[(-1.3196147412610424, 36.7998238813814), (-1.3230309190207143, 36.80829661096005), (-1.3253658011456542, 36.80675659326589)]","[0.8033208, 0.7395267, 0.6277811]","[8719, 8719, 8719]",0.75,0.17438,0.0,0.770026346552129,0.7505019207274035,0.7993129852892171,0.16161084832223657,1.5,0.3317178965587613,26157
30800002811,30800002811_B,"['CANDIDATE_Airbase Ward_28', 'CANDIDATE_Airbase Ward_26']","[(-1.26870887983987, 36.85419534404116), (-1.266298577523929, 36.86528431892141)]","[0.9705673, 0.9595554]","[16457, 16457]",1.0,0.21942666666666666,0.0,0.36312374797877567,0.31690736336268666,0.4324483249029092,0.18156489781046076,2.0,0.33151548426732425,32914
40501002611,40501002611_B,"['CANDIDATE_Airbase Ward_48', 'CANDIDATE_Airbase Ward_18']","[(-1.2554342, 36.8830459), (-1.2674884456231574, 36.875785167024446)]","[0.97677535, 0.9412542]","[16457, 16457]",1.0,0.21942666666666666,0.0,0.3652600490131229,0.3134742870843712,0.44293869190625057,0.16993433369770447,2.0,0.3301981598572803,32914
30000004611,30000004611_C,"['CANDIDATE_Airbase Ward_28', 'CANDIDATE_Airbase Ward_26', 'CANDIDATE_Roysambu Ward_9']","[(-1.26870887983987, 36.85419534404116), (-1.266298577523929, 36.86528431892141), (-1.268917054846389, 36.85775677859107)]","[0.9705673, 0.9595554, 0.9594944]","[16457, 16457, 3865]",0.9166666666666666,0.24519333333333335,0.0,0.36312374797877583,0.31690736336268666,0.43244832490290963,0.1995515817019444,1.8333333333333333,0.32908048685104685,36779
30800001411,30800001411_B,"['CANDIDATE_Airbase Ward_48', 'CANDIDATE_Airbase Ward_26']","[(-1.2554342, 36.8830459), (-1.266298577523929, 36.86528431892141)]","[0.97677535, 0.9595554]","[16457, 16457]",1.0,0.21942666666666666,0.0,0.36312374797877567,0.31690736336268666,0.4324483249029092,0.16512821391897708,2.0,0.3290499816836017,32914
20000004512,20000004512_C,"['CANDIDATE_Roysambu Ward_24', 'CANDIDATE_Airbase Ward_9', 'CANDIDATE_Airbase Ward_13']","[(-1.2606441325508777, 36.85590063059065), (-1.2606569585087073, 36.85442068987691), (-1.2575550059354996, 36.85913900907391)]","[0.9353178, 0.91894686, 0.9185534]","[3865, 16457, 16457]",0.9166666666666666,0.24519333333333335,0.0,0.3965397052733134,0.33834596356578306,0.48383031783460884,0.14839056278777038,1.8333333333333333,0.3280895254728282,36779
50901011011,50901011011_B,"['CANDIDATE_Imara Daima Ward_35', 'CANDIDATE_Pipeline Ward_6']","[(-1.334141220615969, 36.895745798662986), (-1.3344163935509326, 36.88651969214121)]","[0.82176095, 0.56996965]","[18571, 4986]",0.75,0.15704666666666667,0.21477100942681004,0.5473743992581442,0.5099167662727924,0.6035608487361721,0.11858663420451157,1.5,0.3266266273390081,23557
40702002001,40702002001_C,"['CANDIDATE_Upper Savanna Ward_7', 'CANDIDATE_Upper Savanna Ward_48', 'CANDIDATE_Njiru Ward_9']","[(-1.272541763213726, 36.92195021861954), (-1.2751169, 36.9205886), (-1.2544622, 36.9202142)]","[0.85630924, 0.81447166, 0.8077549]","[13463, 13463, 6785]",0.8333333333333334,0.22474,0.0,0.4360789845533113,0.36112279327704355,0.5485132714677128,0.2907631455165789,1.6666666666666667,0.3265336020714824,33711
30800002811,30800002811_C,"['CANDIDATE_Airbase Ward_28', 'CANDIDATE_Airbase Ward_26', 'CANDIDATE_Roysambu Ward_9']","[(-1.26870887983987, 36.85419534404116), (-1.266298577523929, 36.86528431892141), (-1.268917054846389, 36.85775677859107)]","[0.9705673, 0.9595554, 0.9594944]","[16457, 16457, 3865]",0.9166666666666666,0.24519333333333335,0.0,0.36312374797877567,0.31690736336268666,0.4324483249029092,0.18156489781046076,1.8333333333333333,0.32638248426732425,36779
40705017A01,40705017A01_B,"['CANDIDATE_Airbase Ward_18', 'CANDIDATE_Upper Savanna Ward_7']","[(-1.2674884456231574, 36.875785167024446), (-1.272541763213726, 36.92195021861954)]","[0.9412542, 0.85630924]","[16457, 13463]",0.875,0.19946666666666665,0.0,0.44354955528228973,0.3701349549745192,0.5536714557439455,0.29352239557454707,1.75,0.32495827039264,29920
40702196111,40702196111_C,"['CANDIDATE_Upper Savanna Ward_7', 'CANDIDATE_Upper Savanna Ward_48', 'CANDIDATE_Upper Savanna Ward_47']","[(-1.272541763213726, 36.92195021861954), (-1.2751169, 36.9205886), (-1.2785098302386526, 36.91860584364792)]","[0.85630924, 0.81447166, 0.7559769]","[13463, 13463, 13463]",0.75,0.26926,0.0,0.42901401088430213,0.3670525635703048,0.521956181855298,0.27961226274470835,1.5,0.32391164158856667,40389
30800001411,30800001411_C,"['CANDIDATE_Airbase Ward_48', 'CANDIDATE_Airbase Ward_26', 'CANDIDATE_Roysambu Ward_9']","[(-1.2554342, 36.8830459), (-1.266298577523929, 36.86528431892141), (-1.268917054846389, 36.85775677859107)]","[0.97677535, 0.9595554, 0.9594944]","[16457, 16457, 3865]",0.9166666666666666,0.24519333333333335,0.0,0.36312374797877567,0.31690736336268666,0.4324483249029092,0.16461154725231042,1.8333333333333333,0.32383948168360166,36779
70100203411,70100203411_B,"['CANDIDATE_Nairobi West Ward_19', 'CANDIDATE_Nairobi West Ward_35']","[(-1.3196147412610424, 36.7998238813814), (-1.3253658011456542, 36.80675659326589)]","[0.8033208, 0.6277811]","[8719, 8719]",0.75,0.11625333333333333,0.0,0.9043785541754699,0.880586875409012,0.9400660723251566,0.09039775911755937,1.5,0.3217493747027279,17438
50700003311,50700003311_B,"['CANDIDATE_Pipeline Ward_23', 'CANDIDATE_Imara Daima Ward_46']","[(-1.3238112153440054, 36.89342008500604), (-1.3326658568376504, 36.89554209749721)]","[0.95024467, 0.8523578]","[4986, 18571]",0.75,0.15704666666666667,0.21477100942681004,0.4900292127865157,0.43809402623000215,0.567931992621286,0.1489122494948491,1.5,0.31970643233823304,23557
20901043011,20901043011_C,"['CANDIDATE_Roysambu Ward_24', 'CANDIDATE_Airbase Ward_9', 'CANDIDATE_Airbase Ward_13']","[(-1.2606441325508777, 36.85590063059065), (-1.2606569585087073, 36.85442068987691), (-1.2575550059354996, 36.85913900907391)]","[0.9353178, 0.91894686, 0.9185534]","[3865, 16457, 16457]",0.9166666666666666,0.24519333333333335,0.0,0.36312374797877567,0.31690736336268666,0.4324483249029092,0.13659818808175161,1.8333333333333333,0.3196374778080179,36779
50703033C11,50703033C11_B,"['CANDIDATE_Pipeline Ward_23', 'CANDIDATE_Imara Daima Ward_46']","[(-1.3238112153440054, 36.89342008500604), (-1.3326658568376504, 36.89554209749721)]","[0.95024467, 0.8523578]","[4986, 18571]",0.75,0.15704666666666667,0.21477100942681004,0.5025705339292512,0.4406191966988957,0.5954975397747846,0.11649978137732286,1.5,0.3173528263491512,23557
30600186211,30600186211_A,['CANDIDATE_Airbase Ward_26'],"[(np.float64(-1.266298577523929), np.float64(36.86528431892141))]",[np.float64(0.9595554)],[np.int64(16457)],1.0,0.10971333333333333,0.0,0.4105296809061415,0.34292229536523156,0.5119407592175065,0.45093453575805764,2.0,0.31557411654493694,16457
40702196112,40702196112_C,"['CANDIDATE_Upper Savanna Ward_7', 'CANDIDATE_Upper Savanna Ward_48', 'CANDIDATE_Upper Savanna Ward_47']","[(-1.272541763213726, 36.92195021861954), (-1.2751169, 36.9205886), (-1.2785098302386526, 36.91860584364792)]","[0.85630924, 0.81447166, 0.7559769]","[13463, 13463, 13463]",0.75,0.26926,0.0,0.44458210152498423,0.36988604700585226,0.5566261833036823,0.20193496306601744,1.5,0.3153736647648995,40389
70805046P10,70805046P10_A,['CANDIDATE_Mountain View Ward_31'],"[(np.float64(-1.2771944176008143), np.float64(36.73884306727144))]",[np.float64(0.8254318)],[np.int64(13621)],0.75,0.09080666666666666,0.4152142710918497,0.31741565006919564,0.27732992847950033,0.3775442324537386,0.2096034913379045,1.5,0.3145902214874873,13621
20701293011,20701293011_C,"['CANDIDATE_Roysambu Ward_24', 'CANDIDATE_Airbase Ward_9', 'CANDIDATE_Airbase Ward_13']","[(-1.2606441325508777, 36.85590063059065), (-1.2606569585087073, 36.85442068987691), (-1.2575550059354996, 36.85913900907391)]","[0.9353178, 0.91894686, 0.9185534]","[3865, 16457, 16457]",0.9166666666666666,0.24519333333333335,0.0,0.36312374797877567,0.31690736336268666,0.4324483249029092,0.1006248202987843,1.8333333333333333,0.3142414726405728,36779
30600186211,30600186211_B,"['CANDIDATE_Airbase Ward_26', 'CANDIDATE_Roysambu Ward_9']","[(-1.266298577523929, 36.86528431892141), (-1.268917054846389, 36.85775677859107)]","[0.9595554, 0.9594944]","[16457, 3865]",0.875,0.13548,0.0,0.4105296809061415,0.34292229536523156,0.5119407592175065,0.45093453575805764,1.75,0.30837311654493693,20322
30600017A11,30600017A11_A,['CANDIDATE_Airbase Ward_26'],"[(np.float64(-1.266298577523929), np.float64(36.86528431892141))]",[np.float64(0.9595554)],[np.int64(16457)],1.0,0.10971333333333333,0.0,0.42207259976980027,0.35476922249026677,0.5230276656891004,0.37733156778959226,2.0,0.3068422551223989,16457
70201024C11,70201024C11_B,"['CANDIDATE_Nairobi West Ward_19', 'CANDIDATE_Nairobi West Ward_6']","[(-1.3196147412610424, 36.7998238813814), (-1.3230309190207143, 36.80829661096005)]","[0.8033208, 0.7395267]","[8719, 8719]",0.75,0.11625333333333333,0.0,0.770026346552129,0.7505019207274035,0.7993129852892171,0.1623941816555699,1.5,0.3056783965587613,17438
50204001511,50204001511_C,"['CANDIDATE_Nairobi West Ward_46', 'CANDIDATE_Nairobi West Ward_39', 'CANDIDATE_Nairobi West Ward_19']","[(-1.3239254445562485, 36.81177110743243), (-1.3242383152605572, 36.80948459699007), (-1.3196147412610424, 36.7998238813814)]","[0.83015364, 0.8155003, 0.8033208]","[8719, 8719, 8719]",0.75,0.17438,0.0,0.6275673249589304,0.5667540059492495,0.7187873034734518,0.15874877273178972,1.5,0.30279678090155454,26157
50702003311,50702003311_B,"['CANDIDATE_Pipeline Ward_23', 'CANDIDATE_Imara Daima Ward_46']","[(-1.3238112153440054, 36.89342008500604), (-1.3326658568376504, 36.89554209749721)]","[0.95024467, 0.8523578]","[4986, 18571]",0.75,0.15704666666666667,0.21477100942681004,0.4248692130351527,0.3707049932968318,0.506115542642634,0.1028027394083938,1.5,0.29975800587499213,23557
30600017A11,30600017A11_B,"['CANDIDATE_Airbase Ward_26', 'CANDIDATE_Roysambu Ward_9']","[(-1.266298577523929, 36.86528431892141), (-1.268917054846389, 36.85775677859107)]","[0.9595554, 0.9594944]","[16457, 3865]",0.875,0.13548,0.0,0.42207259976980027,0.35476922249026677,0.5230276656891004,0.37733156778959226,1.75,0.29964125512239886,20322
30600018C11,30600018C11_A,['CANDIDATE_Airbase Ward_28'],"[(np.float64(-1.26870887983987), np.float64(36.85419534404116))]",[np.float64(0.9705673)],[np.int64(16457)],1.0,0.10971333333333333,0.0,0.40138107904178366,0.3380399410020152,0.49639278610143633,0.34631033489019186,2.0,0.2980507660418855,16457
40705017A01,40705017A01_A,['CANDIDATE_Airbase Ward_18'],"[(np.float64(-1.2674884456231574), np.float64(36.875785167024446))]",[np.float64(0.9412542)],[np.int64(16457)],1.0,0.10971333333333333,0.0,0.44354955528228973,0.3701349549745192,0.5536714557439455,0.28452239557454706,2.0,0.29721627039264,16457
70100203411,70100203411_A,['CANDIDATE_Nairobi West Ward_19'],"[(np.float64(-1.3196147412610424), np.float64(36.7998238813814))]",[np.float64(0.8033208)],[np.int64(8719)],0.75,0.05812666666666667,0.0,0.9043785541754699,0.880586875409012,0.9400660723251566,0.09274775911755936,1.5,0.2959448747027279,8719
30007004111,30007004111_A,['CANDIDATE_Airbase Ward_28'],"[(np.float64(-1.26870887983987), np.float64(36.85419534404116))]",[np.float64(0.9705673)],[np.int64(16457)],1.0,0.10971333333333333,0.0,0.39617577313368224,0.3352610025891134,0.48754792895053556,0.30622951074894833,2.0,0.2909975812390787,16457
20801025A11,20801025A11_A,['CANDIDATE_Airbase Ward_31'],"[(np.float64(-1.2516177), np.float64(36.8720704))]",[np.float64(0.9909643)],[np.int64(16457)],1.0,0.10971333333333333,0.0,0.3870259197433872,0.32860380745948436,0.4746590881692414,0.31311943754347615,2.0,0.2902010995801989,16457
50700033H01,50700033H01_B,"['CANDIDATE_Pipeline Ward_23', 'CANDIDATE_Imara Daima Ward_46']","[(-1.3238112153440054, 36.89342008500604), (-1.3326658568376504, 36.89554209749721)]","[0.95024467, 0.8523578]","[4986, 18571]",0.75,0.15704666666666667,0.21477100942681004,0.39032287624114637,0.3192067450960412,0.496997072958804,0.08044360197422903,1.5,0.28949486790106616,23557
30907003211,30907003211_A,['CANDIDATE_Airbase Ward_28'],"[(np.float64(-1.26870887983987), np.float64(36.85419534404116))]",[np.float64(0.9705673)],[np.int64(16457)],1.0,0.10971333333333333,0.0,0.3970165309702991,0.336063218653436,0.4884464994455937,0.28721596276789557,2.0,0.28831370060924416,16457
50703033J01,50703033J01_B,"['CANDIDATE_Pipeline Ward_23', 'CANDIDATE_Imara Daima Ward_46']","[(-1.3238112153440054, 36.89342008500604), (-1.3326658568376504, 36.89554209749721)]","[0.95024467, 0.8523578]","[4986, 18571]",0.75,0.15704666666666667,0.21477100942681004,0.38444272492282416,0.31412263011705566,0.48992286713147704,0.07976454668919142,1.5,0.2882169793446461,23557
50205012611,50205012611_C,"['CANDIDATE_Nairobi West Ward_46', 'CANDIDATE_Nairobi West Ward_39', 'CANDIDATE_Nairobi West Ward_19']","[(-1.3239254445562485, 36.81177110743243), (-1.3242383152605572, 36.80948459699007), (-1.3196147412610424, 36.7998238813814)]","[0.83015364, 0.8155003, 0.8033208]","[8719, 8719, 8719]",0.75,0.17438,0.0,0.5659911056551377,0.5035937762066824,0.6595870998278206,0.14301456490774786,1.5,0.2881214058671897,26157
40702002001,40702002001_B,"['CANDIDATE_Upper Savanna Ward_7', 'CANDIDATE_Upper Savanna Ward_48']","[(-1.272541763213726, 36.92195021861954), (-1.2751169, 36.9205886)]","[0.85630924, 0.81447166]","[13463, 13463]",0.75,0.17950666666666668,0.0,0.4360789845533113,0.36112279327704355,0.5485132714677128,0.2907631455165789,1.5,0.2866082687381491,26926
21000017B11,21000017B11_B,"['CANDIDATE_Roysambu Ward_24', 'CANDIDATE_Airbase Ward_9']","[(-1.2606441325508777, 36.85590063059065), (-1.2606569585087073, 36.85442068987691)]","[0.9353178, 0.91894686]","[3865, 16457]",0.875,0.13548,0.0,0.44189490722607383,0.3669398200142595,0.5543275380437953,0.25896063798072144,1.75,0.285850077142323,20322
40702196111,40702196111_B,"['CANDIDATE_Upper Savanna Ward_7', 'CANDIDATE_Upper Savanna Ward_48']","[(-1.272541763213726, 36.92195021861954), (-1.2751169, 36.9205886)]","[0.85630924, 0.81447166]","[13463, 13463]",0.75,0.17950666666666668,0.0,0.42901401088430213,0.3670525635703048,0.521956181855298,0.28561226274470836,1.5,0.28442264158856667,26926
50205012511,50205012511_C,"['CANDIDATE_Nairobi West Ward_46', 'CANDIDATE_Nairobi West Ward_39', 'CANDIDATE_Nairobi West Ward_19']","[(-1.3239254445562485, 36.81177110743243), (-1.3242383152605572, 36.80948459699007), (-1.3196147412610424, 36.7998238813814)]","[0.83015364, 0.8155003, 0.8033208]","[8719, 8719, 8719]",0.75,0.17438,0.0,0.5615180493902878,0.49784090884004106,0.657033760215658,0.11643203484712975,1.5,0.283239415105127,26157
20807042011,20807042011_A,['CANDIDATE_Airbase Ward_31'],"[(np.float64(-1.2516177), np.float64(36.8720704))]",[np.float64(0.9909643)],[np.int64(16457)],1.0,0.10971333333333333,0.0,0.40608250483969704,0.3411156174738057,0.503532835888534,0.2247760011924873,2.0,0.2807609011468125,16457
20101007700,20101007700_A,['CANDIDATE_Airbase Ward_31'],"[(np.float64(-1.2516177), np.float64(36.8720704))]",[np.float64(0.9909643)],[np.int64(16457)],1.0,0.10971333333333333,0.0,0.3814409197396531,0.32698901020321225,0.4631187840443143,0.2530975752757627,2.0,0.28008082023929504,16457
70201024C11,70201024C11_A,['CANDIDATE_Nairobi West Ward_19'],"[(np.float64(-1.3196147412610424), np.float64(36.7998238813814))]",[np.float64(0.8033208)],[np.int64(8719)],0.75,0.05812666666666667,0.0,0.770026346552129,0.7505019207274035,0.7993129852892171,0.16474418165556992,1.5,0.27987389655876127,8719
50206002411,50206002411_C,"['CANDIDATE_Nairobi West Ward_19', 'CANDIDATE_Nairobi West Ward_6', 'CANDIDATE_Nairobi West Ward_45']","[(-1.3196147412610424, 36.7998238813814), (-1.3230309190207143, 36.80829661096005), (-1.326421726095435, 36.806879239821775)]","[0.8033208, 0.7395267, 0.7390207]","[8719, 8719, 8719]",0.75,0.17438,0.0,0.5302731187647362,0.502082198143559,0.5725594996965018,0.13527675312199808,1.5,0.279817136721247,26157
20000145011,20000145011_A,['CANDIDATE_Airbase Ward_13'],"[(np.float64(-1.2575550059354996), np.float64(36.85913900907391))]",[np.float64(0.9185534)],[np.int64(16457)],1.0,0.10971333333333333,0.0,0.4027769215879785,0.3423513546847703,0.4934152719427909,0.21367924409553146,2.0,0.27843527093192544,16457
30000046B11,30000046B11_A,['CANDIDATE_Airbase Ward_28'],"[(np.float64(-1.26870887983987), np.float64(36.85419534404116))]",[np.float64(0.9705673)],[np.int64(16457)],1.0,0.10971333333333333,0.0,0.3678259127563166,0.3203724036971862,0.43900617634501216,0.26003718904236645,2.0,0.2783987609076183,16457
21000004911,21000004911_B,"['CANDIDATE_Roysambu Ward_24', 'CANDIDATE_Airbase Ward_9']","[(-1.2606441325508777, 36.85590063059065), (-1.2606569585087073, 36.85442068987691)]","[0.9353178, 0.91894686]","[3865, 16457]",0.875,0.13548,0.0,0.4405223206840567,0.36656379073638545,0.5514601156055636,0.19895533803703336,1.75,0.2765747648423663,20322
20000237011,20000237011_B,"['CANDIDATE_Roysambu Ward_24', 'CANDIDATE_Airbase Ward_9']","[(-1.2606441325508777, 36.85590063059065), (-1.2606569585087073, 36.85442068987691)]","[0.9353178, 0.91894686]","[3865, 16457]",0.875,0.13548,0.0,0.4067459973172321,0.34490119033564115,0.4995132077896185,0.2432098678326543,1.75,0.27645767963834456,20322
50204001511,50204001511_B,"['CANDIDATE_Nairobi West Ward_46', 'CANDIDATE_Nairobi West Ward_39']","[(-1.3239254445562485, 36.81177110743243), (-1.3242383152605572, 36.80948459699007)]","[0.83015364, 0.8155003]","[8719, 8719]",0.75,0.11625333333333333,0.0,0.6275673249589304,0.5667540059492495,0.7187873034734518,0.15611543939845637,1.5,0.2762447809015546,17438
20801002511,20801002511_A,['CANDIDATE_Airbase Ward_31'],"[(np.float64(-1.2516177), np.float64(36.8720704))]",[np.float64(0.9909643)],[np.int64(16457)],1.0,0.10971333333333333,0.0,0.37404740283052706,0.3222528156322326,0.4517392836279688,0.23706524561926529,2.0,0.2761972674089952,16457
40702196112,40702196112_B,"['CANDIDATE_Upper Savanna Ward_7', 'CANDIDATE_Upper Savanna Ward_48']","[(-1.272541763213726, 36.92195021861954), (-1.2751169, 36.9205886)]","[0.85630924, 0.81447166]","[13463, 13463]",0.75,0.17950666666666668,0.0,0.44458210152498423,0.36988604700585226,0.5566261833036823,0.20793496306601744,1.5,0.2758846647648995,26926
40700003311,40700003311_A,['CANDIDATE_Pipeline Ward_23'],"[(np.float64(-1.3238112153440054), np.float64(36.89342008500604))]",[np.float64(0.95024467)],[np.int64(4986)],0.75,0.03324,0.0,0.8451972580007179,0.8169003660170215,0.8876425959762624,0.1114979595216801,1.5,0.2757221455283956,4986
20100012011,20100012011_A,['CANDIDATE_Airbase Ward_17'],"[(np.float64(-1.2628194), np.float64(36.8411526))]",[np.float64(0.7587713)],[np.int64(16457)],1.0,0.10971333333333333,0.0,0.33555784849028997,0.2961336476119256,0.39469414980783646,0.2833900659180496,2.0,0.27544807958576545,16457
40403002611,40403002611_A,['CANDIDATE_Airbase Ward_48'],"[(np.float64(-1.2554342), np.float64(36.8830459))]",[np.float64(0.97677535)],[np.int64(16457)],1.0,0.10971333333333333,0.0,0.4239087089472927,0.35899763668821105,0.5212753173359153,0.16074890191791713,2.0,0.27472207707714613,16457
21100004412,21100004412_B,"['CANDIDATE_Roysambu Ward_24', 'CANDIDATE_Airbase Ward_9']","[(-1.2606441325508777, 36.85590063059065), (-1.2606569585087073, 36.85442068987691)]","[0.9353178, 0.91894686]","[3865, 16457]",0.875,0.13548,0.0,0.4059906622111862,0.3444130362646236,0.49835710113102993,0.19509631653913678,1.75,0.2690895799231077,20322
30000004611,30000004611_A,['CANDIDATE_Airbase Ward_28'],"[(np.float64(-1.26870887983987), np.float64(36.85419534404116))]",[np.float64(0.9705673)],[np.int64(16457)],1.0,0.10971333333333333,0.0,0.36312374797877583,0.31690736336268666,0.43244832490290963,0.19955158170194442,2.0,0.2683854868510468,16457
21100004411,21100004411_B,"['CANDIDATE_Roysambu Ward_24', 'CANDIDATE_Airbase Ward_9']","[(-1.2606441325508777, 36.85590063059065), (-1.2606569585087073, 36.85442068987691)]","[0.9353178, 0.91894686]","[3865, 16457]",0.875,0.13548,0.0,0.4031575749340959,0.34259564039709645,0.4940004767395949,0.1819458312630428,1.75,0.2665503896762756,20322
20000004511,20000004511_B,"['CANDIDATE_Roysambu Ward_24', 'CANDIDATE_Airbase Ward_9']","[(-1.2606441325508777, 36.85590063059065), (-1.2606569585087073, 36.85442068987691)]","[0.9353178, 0.91894686]","[3865, 16457]",0.875,0.13548,0.0,0.39669017079283175,0.338446437171136,0.48405577122537546,0.18678202987843256,1.75,0.2659823386403312,20322
20100010011,20100010011_A,['CANDIDATE_Airbase Ward_17'],"[(np.float64(-1.2628194), np.float64(36.8411526))]",[np.float64(0.7587713)],[np.int64(16457)],1.0,0.10971333333333333,0.0,0.3322164369314894,0.2936155533281597,0.390117762336484,0.22452756633210774,2.0,0.2659504223361141,16457
40501002611,40501002611_A,['CANDIDATE_Airbase Ward_48'],"[(np.float64(-1.2554342), np.float64(36.8830459))]",[np.float64(0.97677535)],[np.int64(16457)],1.0,0.10971333333333333,0.0,0.3652600490131229,0.3134742870843712,0.44293869190625057,0.17893433369770448,2.0,0.26572015985728026,16457
30800002811,30800002811_A,['CANDIDATE_Airbase Ward_28'],"[(np.float64(-1.26870887983987), np.float64(36.85419534404116))]",[np.float64(0.9705673)],[np.int64(16457)],1.0,0.10971333333333333,0.0,0.36312374797877567,0.31690736336268666,0.4324483249029092,0.18156489781046076,2.0,0.26568748426732425,16457
30800001411,30800001411_A,['CANDIDATE_Airbase Ward_48'],"[(np.float64(-1.2554342), np.float64(36.8830459))]",[np.float64(0.97677535)],[np.int64(16457)],1.0,0.10971333333333333,0.0,0.36312374797877567,0.31690736336268666,0.4324483249029092,0.1666782139189771,2.0,0.26345448168360175,16457
50205012611,50205012611_B,"['CANDIDATE_Nairobi West Ward_46', 'CANDIDATE_Nairobi West Ward_39']","[(-1.3239254445562485, 36.81177110743243), (-1.3242383152605572, 36.80948459699007)]","[0.83015364, 0.8155003]","[8719, 8719]",0.75,0.11625333333333333,0.0,0.5659911056551377,0.5035937762066824,0.6595870998278206,0.1403812315744145,1.5,0.2615694058671897,17438
20100100A11,20100100A11_A,['CANDIDATE_Airbase Ward_17'],"[(np.float64(-1.2628194), np.float64(36.8411526))]",[np.float64(0.7587713)],[np.int64(16457)],1.0,0.10971333333333333,0.0,0.33163741262281005,0.2931791994770432,0.38932473234146037,0.19329102322037828,2.0,0.26114913600761874,16457
20000004512,20000004512_B,"['CANDIDATE_Roysambu Ward_24', 'CANDIDATE_Airbase Ward_9']","[(-1.2606441325508777, 36.85590063059065), (-1.2606569585087073, 36.85442068987691)]","[0.9353178, 0.91894686]","[3865, 16457]",0.875,0.13548,0.0,0.3965397052733134,0.33834596356578306,0.48383031783460884,0.14839056278777038,1.75,0.2601935254728282,20322
20100012111,20100012111_A,['CANDIDATE_Airbase Ward_17'],"[(np.float64(-1.2628194), np.float64(36.8411526))]",[np.float64(0.7587713)],[np.int64(16457)],1.0,0.10971333333333333,0.0,0.33435395621030073,0.2952263920359024,0.3930453024718983,0.18325425486104208,2.0,0.26018692947121647,16457
50205012511,50205012511_B,"['CANDIDATE_Nairobi West Ward_46', 'CANDIDATE_Nairobi West Ward_39']","[(-1.3239254445562485, 36.81177110743243), (-1.3242383152605572, 36.80948459699007)]","[0.83015364, 0.8155003]","[8719, 8719]",0.75,0.11625333333333333,0.0,0.5615180493902878,0.49784090884004106,0.657033760215658,0.11379870151379642,1.5,0.25668741510512705,17438
30100011C11,30100011C11_A,['CANDIDATE_Airbase Ward_17'],"[(np.float64(-1.2628194), np.float64(36.8411526))]",[np.float64(0.7587713)],[np.int64(16457)],1.0,0.10971333333333333,0.0,0.36312374797877567,0.31690736336268666,0.4324483249029092,0.10961816224452615,2.0,0.25489547393243406,16457
50206002411,50206002411_B,"['CANDIDATE_Nairobi West Ward_19', 'CANDIDATE_Nairobi West Ward_6']","[(-1.3196147412610424, 36.7998238813814), (-1.3230309190207143, 36.80829661096005)]","[0.8033208, 0.7395267]","[8719, 8719]",0.75,0.11625333333333333,0.0,0.5302731187647362,0.502082198143559,0.5725594996965018,0.1360600864553314,1.5,0.253777636721247,17438
20901043011,20901043011_B,"['CANDIDATE_Roysambu Ward_24', 'CANDIDATE_Airbase Ward_9']","[(-1.2606441325508777, 36.85590063059065), (-1.2606569585087073, 36.85442068987691)]","[0.9353178, 0.91894686]","[3865, 16457]",0.875,0.13548,0.0,0.36312374797877567,0.31690736336268666,0.4324483249029092,0.13659818808175161,1.75,0.25174147780801787,20322
50204001511,50204001511_A,['CANDIDATE_Nairobi West Ward_46'],"[(np.float64(-1.3239254445562485), np.float64(36.81177110743243))]",[np.float64(0.83015364)],[np.int64(8719)],0.75,0.05812666666666667,0.0,0.6275673249589304,0.5667540059492495,0.7187873034734518,0.1529154393984564,1.5,0.24960778090155458,8719
20701293011,20701293011_B,"['CANDIDATE_Roysambu Ward_24', 'CANDIDATE_Airbase Ward_9']","[(-1.2606441325508777, 36.85590063059065), (-1.2606569585087073, 36.85442068987691)]","[0.9353178, 0.91894686]","[3865, 16457]",0.875,0.13548,0.0,0.36312374797877567,0.31690736336268666,0.4324483249029092,0.10062482029878432,1.75,0.24634547264057277,20322
40702002001,40702002001_A,['CANDIDATE_Upper Savanna Ward_7'],"[(np.float64(-1.272541763213726), np.float64(36.92195021861954))]",[np.float64(0.85630924)],[np.int64(13463)],0.75,0.08975333333333334,0.0,0.4360789845533113,0.36112279327704355,0.5485132714677128,0.2907631455165789,1.5,0.2462192687381491,13463
40702196111,40702196111_A,['CANDIDATE_Upper Savanna Ward_7'],"[(np.float64(-1.272541763213726), np.float64(36.92195021861954))]",[np.float64(0.85630924)],[np.int64(13463)],0.75,0.08975333333333334,0.0,0.42901401088430213,0.3670525635703048,0.521956181855298,0.28561226274470836,1.5,0.2440336415885667,13463
70500004W11,70500004W11_C,"['CANDIDATE_Ngando Ward_4', 'CANDIDATE_Ngando Ward_43', 'CANDIDATE_Ngando Ward_21']","[(-1.291000755881557, 36.741206809331125), (-1.2991915134450371, 36.74294116845358), (-1.298461491930124, 36.74069201733843)]","[0.8496093, 0.841816, 0.8181139]","[6959, 6959, 6959]",0.75,0.13918,0.0,0.41987489106539516,0.43284416245948876,0.40042098397425474,0.13660712842426048,1.5,0.24209704747671812,20877
40702196112,40702196112_A,['CANDIDATE_Upper Savanna Ward_7'],"[(np.float64(-1.272541763213726), np.float64(36.92195021861954))]",[np.float64(0.85630924)],[np.int64(13463)],0.75,0.08975333333333334,0.0,0.44458210152498423,0.36988604700585226,0.5566261833036823,0.20793496306601744,1.5,0.2354956647648995,13463
50205012611,50205012611_A,['CANDIDATE_Nairobi West Ward_46'],"[(np.float64(-1.3239254445562485), np.float64(36.81177110743243))]",[np.float64(0.83015364)],[np.int64(8719)],0.75,0.05812666666666667,0.0,0.5659911056551377,0.5035937762066824,0.6595870998278206,0.13718123157441453,1.5,0.23493240586718975,8719
4070500SK11,4070500SK11_A,['CANDIDATE_Njiru Ward_31'],"[(np.float64(-1.2633616), np.float64(36.9016683))]",[np.float64(0.8542659)],[np.int64(6785)],1.0,0.045233333333333334,0.0,0.3937858731331396,0.34426878575520403,0.4680615042000429,0.18892141508496474,2.0,0.23423538688937265,6785
40700003411,40700003411_A,['CANDIDATE_Pipeline Ward_23'],"[(np.float64(-1.3238112153440054), np.float64(36.89342008500604))]",[np.float64(0.95024467)],[np.int64(4986)],0.75,0.03324,0.0,0.5752101098216074,0.5496797608128001,0.6135056333348181,0.1850678028420948,1.5,0.2327601923906357,4986
50205012511,50205012511_A,['CANDIDATE_Nairobi West Ward_46'],"[(np.float64(-1.3239254445562485), np.float64(36.81177110743243))]",[np.float64(0.83015364)],[np.int64(8719)],0.75,0.05812666666666667,0.0,0.5615180493902878,0.49784090884004106,0.657033760215658,0.11059870151379642,1.5,0.23005041510512705,8719
50206002411,50206002411_A,['CANDIDATE_Nairobi West Ward_19'],"[(np.float64(-1.3196147412610424), np.float64(36.7998238813814))]",[np.float64(0.8033208)],[np.int64(8719)],0.75,0.05812666666666667,0.0,0.5302731187647362,0.502082198143559,0.5725594996965018,0.13841008645533143,1.5,0.22797313672124697,8719
40705019C11,40705019C11_A,['CANDIDATE_Upper Savanna Ward_28'],"[(np.float64(-1.2762342), np.float64(36.9045926))]",[np.float64(0.6499135)],[np.int64(13463)],0.75,0.08975333333333334,0.0,0.41038600644607737,0.35470282416502696,0.49391077986765297,0.19810018881049388,1.5,0.22718122961078957,13463
40703196011,40703196011_A,['CANDIDATE_Upper Savanna Ward_28'],"[(np.float64(-1.2762342), np.float64(36.9045926))]",[np.float64(0.6499135)],[np.int64(13463)],0.75,0.08975333333333334,0.0,0.41034978441784115,0.35167343838432386,0.4983643034681171,0.18837810460763854,1.5,0.22571567257471403,13463
70500004W11,70500004W11_B,"['CANDIDATE_Ngando Ward_4', 'CANDIDATE_Ngando Ward_43']","[(-1.291000755881557, 36.741206809331125), (-1.2991915134450371, 36.74294116845358)]","[0.8496093, 0.841816]","[6959, 6959]",0.75,0.09278666666666667,0.0,0.41987489106539516,0.43284416245948876,0.40042098397425474,0.13660712842426048,1.5,0.22122004747671814,13918
21000017B11,21000017B11_A,['CANDIDATE_Roysambu Ward_24'],"[(np.float64(-1.2606441325508777), np.float64(36.85590063059065))]",[np.float64(0.9353178)],[np.int64(3865)],0.75,0.025766666666666667,0.0,0.44189490722607383,0.3669398200142595,0.5543275380437953,0.25896063798072144,1.5,0.21381807714232298,3865
50700003311,50700003311_A,['CANDIDATE_Pipeline Ward_23'],"[(np.float64(-1.3238112153440054), np.float64(36.89342008500604))]",[np.float64(0.95024467)],[np.int64(4986)],0.75,0.03324,0.0,0.4900292127865157,0.43809402623000215,0.567931992621286,0.1489122494948491,1.5,0.21030067998153051,4986
70600010211,70600010211_A,['CANDIDATE_Ngando Ward_4'],"[(np.float64(-1.291000755881557), np.float64(36.741206809331125))]",[np.float64(0.8496093)],[np.int64(6959)],0.75,0.046393333333333335,0.0,0.39126931790317254,0.3830437261625277,0.4036077055141398,0.2337285965086621,1.5,0.20919015305693384,6959
50703033C11,50703033C11_A,['CANDIDATE_Pipeline Ward_23'],"[(np.float64(-1.3238112153440054), np.float64(36.89342008500604))]",[np.float64(0.95024467)],[np.int64(4986)],0.75,0.03324,0.0,0.5025705339292512,0.4406191966988957,0.5954975397747846,0.11649978137732286,1.5,0.2079470739924487,4986
20104003910,20104003910_C,"['CANDIDATE_Pipeline Ward_23', 'CANDIDATE_Pipeline Ward_32', 'CANDIDATE_Pipeline Ward_41']","[(-1.3238112153440054, 36.89342008500604), (-1.3313378393603177, 36.89532366227466), (-1.3312370857548663, 36.895204245549394)]","[0.95024467, 0.81187284, 0.81187284]","[4986, 4986, 4986]",0.75,0.09972,0.0,0.3709039731036376,0.29478285598571397,0.48508564878052307,0.08938725694789493,1.5,0.20746288316291175,14958
21000004911,21000004911_A,['CANDIDATE_Roysambu Ward_24'],"[(np.float64(-1.2606441325508777), np.float64(36.85590063059065))]",[np.float64(0.9353178)],[np.int64(3865)],0.75,0.025766666666666667,0.0,0.4405223206840567,0.36656379073638545,0.5514601156055636,0.19895533803703336,1.5,0.20454276484236636,3865
20000237011,20000237011_A,['CANDIDATE_Roysambu Ward_24'],"[(np.float64(-1.2606441325508777), np.float64(36.85590063059065))]",[np.float64(0.9353178)],[np.int64(3865)],0.75,0.025766666666666667,0.0,0.4067459973172321,0.34490119033564115,0.4995132077896185,0.2432098678326543,1.5,0.20442567963834457,3865
70500004W11,70500004W11_A,['CANDIDATE_Ngando Ward_4'],"[(np.float64(-1.291000755881557), np.float64(36.741206809331125))]",[np.float64(0.8496093)],[np.int64(6959)],0.75,0.046393333333333335,0.0,0.41987489106539516,0.43284416245948876,0.40042098397425474,0.13660712842426048,1.5,0.20034304747671813,6959
21100004412,21100004412_A,['CANDIDATE_Roysambu Ward_24'],"[(np.float64(-1.2606441325508777), np.float64(36.85590063059065))]",[np.float64(0.9353178)],[np.int64(3865)],0.75,0.025766666666666667,0.0,0.4059906622111862,0.3444130362646236,0.49835710113102993,0.19509631653913678,1.5,0.19705757992310777,3865
70601000211,70601000211_A,['CANDIDATE_Ngando Ward_4'],"[(np.float64(-1.291000755881557), np.float64(36.741206809331125))]",[np.float64(0.8496093)],[np.int64(6959)],0.75,0.046393333333333335,0.0,0.3674957045336841,0.35914643196317053,0.38001961338945445,0.18432318394117062,1.5,0.19702461849791242,6959
21100004411,21100004411_A,['CANDIDATE_Roysambu Ward_24'],"[(np.float64(-1.2606441325508777), np.float64(36.85590063059065))]",[np.float64(0.9353178)],[np.int64(3865)],0.75,0.025766666666666667,0.0,0.4031575749340959,0.34259564039709645,0.4940004767395949,0.1819458312630428,1.5,0.1945183896762756,3865
20000004511,20000004511_A,['CANDIDATE_Roysambu Ward_24'],"[(np.float64(-1.2606441325508777), np.float64(36.85590063059065))]",[np.float64(0.9353178)],[np.int64(3865)],0.75,0.025766666666666667,0.0,0.39669017079283175,0.338446437171136,0.48405577122537546,0.18678202987843256,1.5,0.19395033864033123,3865
20104003910,20104003910_B,"['CANDIDATE_Pipeline Ward_23', 'CANDIDATE_Pipeline Ward_32']","[(-1.3238112153440054, 36.89342008500604), (-1.3313378393603177, 36.89532366227466)]","[0.95024467, 0.81187284]","[4986, 4986]",0.75,0.06648,0.0,0.3709039731036376,0.29478285598571397,0.48508564878052307,0.08938725694789493,1.5,0.19250488316291176,9972
50702003311,50702003311_A,['CANDIDATE_Pipeline Ward_23'],"[(np.float64(-1.3238112153440054), np.float64(36.89342008500604))]",[np.float64(0.95024467)],[np.int64(4986)],0.75,0.03324,0.0,0.4248692130351527,0.3707049932968318,0.506115542642634,0.1028027394083938,1.5,0.1903522535182896,4986
20000004512,20000004512_A,['CANDIDATE_Roysambu Ward_24'],"[(np.float64(-1.2606441325508777), np.float64(36.85590063059065))]",[np.float64(0.9353178)],[np.int64(3865)],0.75,0.025766666666666667,0.0,0.3965397052733134,0.33834596356578306,0.48383031783460884,0.14839056278777038,1.5,0.18816152547282824,3865
50700033H01,50700033H01_A,['CANDIDATE_Pipeline Ward_23'],"[(np.float64(-1.3238112153440054), np.float64(36.89342008500604))]",[np.float64(0.95024467)],[np.int64(4986)],0.75,0.03324,0.0,0.39032287624114637,0.3192067450960412,0.496997072958804,0.08044360197422903,1.5,0.18008911554436363,4986
20901043011,20901043011_A,['CANDIDATE_Roysambu Ward_24'],"[(np.float64(-1.2606441325508777), np.float64(36.85590063059065))]",[np.float64(0.9353178)],[np.int64(3865)],0.75,0.025766666666666667,0.0,0.36312374797877567,0.31690736336268666,0.4324483249029092,0.13659818808175161,1.5,0.17970947780801788,3865
50703033J01,50703033J01_A,['CANDIDATE_Pipeline Ward_23'],"[(np.float64(-1.3238112153440054), np.float64(36.89342008500604))]",[np.float64(0.95024467)],[np.int64(4986)],0.75,0.03324,0.0,0.38444272492282416,0.31412263011705566,0.48992286713147704,0.07976454668919142,1.5,0.17881122698794355,4986
20104003910,20104003910_A,['CANDIDATE_Pipeline Ward_23'],"[(np.float64(-1.3238112153440054), np.float64(36.89342008500604))]",[np.float64(0.95024467)],[np.int64(4986)],0.75,0.03324,0.0,0.3709039731036376,0.29478285598571397,0.48508564878052307,0.08938725694789493,1.5,0.17754688316291178,4986
20701293011,20701293011_A,['CANDIDATE_Roysambu Ward_24'],"[(np.float64(-1.2606441325508777), np.float64(36.85590063059065))]",[np.float64(0.9353178)],[np.int64(3865)],0.75,0.025766666666666667,0.0,0.36312374797877567,0.31690736336268666,0.4324483249029092,0.10062482029878432,1.5,0.1743134726405728,3865
